season_event,event_type,event_name,1,2,3,4,5,6,7,8,9,10,11,12,13,14,15,16,17,18,19,20,21,22,23,24,25,26,27,28,29,30,31,32,33,34,35,36,37,38,39,40,41,42,43,44,45,46,47,48,49,50,51,52,53,54,55,56,57,58,59,60,61,62,63,64,65,66,67,68,69,70,71,72,73,74,75,76,77,78,79,80,81,82,83,84,85,86,87,88,89,90,91,92,93,94,95,96,97,98,99,100,101,102,103,104,105,106,107,108,109,110,111,112,113,114,115,116,117,118,119,120,121,122,123,124,125,126,127,128,129,130,131,132,133,134,135,136,137,138,139,140,141,142,143,144,145,146,147,148,149,150
6_1,Signature Event #1,Signature Event #1,Aidan Reardon,Leslie Moore,Travis Callahan,Darius Grimes,William Ortega,Antanas Žukauskas,Michael Crawford,Conor Lee,Manuel Manning,Wolfgang Marte,Jose Lucero,Jeremy Freeman,Kevin Kent,Joe Heath,Elliott Phillips,Mark Estrada,Kyle Morales,Luis Arranz,James Jennings,Andre Bright,Pavel Čermák,Michael Davis,Bjorn Kjóisdóttir,Kevin Roberts,Kevin Hensley,Michael Gordon,Milan Paľovčík,Ante Jerič,Diogo Freitas,Ryan Hubbard,Mark Perry,David Morris,Zachary Patel,Dillon Stanley,Jesse West,James Baker,Francisco Guajardo,Constantin Albu,Martin Simmons,Daniel Whitaker,Anders Thomsen,Tomas Brožová,Karoly Molnár,Simon Wilson,Adam Franco,Jeffery Williams,David Thomas,Jason Clark,Jozsef Horváth,Craig Jackson,Christian Henry,Patrick Bennett,Michael Johnson,Pekka Hyvärinen,Gheorghe Dumitrescu,Austin Love,Mikael Ekholm,Andrew Collins,Christopher Ward,Dennis Lyons,Derrick Robinson,Christopher Dudley,David Munoz,Kaur Tamm,Ahmad Yuniar,Craig Smith,Adam Williams,Brandon Baker,Leonard Cartwright,Damon Peterson,Brandon Keith,Trevor Booker,Ethan Cox,Peteris Vanaga,David Johnston,Anthony Gaines,Patrick Schmitz,Steven Keller,Timo Varis,Andreas Müller,Gordon Perkins,David Ruiz,Peter Steiger,Adrian Griffin,Randall Miller,Nathan Banks,John Case,Josh Boyce,Joe Tapia,Chad Jones,Christian Leblanc,Krzysztof Kaszkowiak,David Jones,Wesley Cole,Constantin Nemeș,Hunter Sawyer,Mustafa Şama,Billy Williams,Nicholas Hess,Michael Sutton,Mark Walker,Brandon Silva,Vasile Tomescu,Tyler Maughan,Philip Hall,Callum Davison,Sean Taylor,Elliot Holmes,Jeffrey Hudson,Thomas Ward,Anthony Reid,James Dennis,Randy Diaz,Luke Clark,Anthony Nguyen,Adam Milmo,Samuel Gates,Hans Fankhauser,Andrew Walker,Timothy Hamilton,Thomas Jähn,Alexander Campbell,Mark Williams,Peter Holzapfel,Aaron Doyle,Conan Rabbitte,Charles Leonard,Harry Miles,Thomas Rogers,Scott Young,Terence Heaney,Daniel Rios,Jeffrey Bell,Julian Forster,Klaus Sidler,Russell Warner,Christian Henry,Duncan Wood,Darrell Baker,Charles Kennedy,Anders Myklebust,William Foster,Carlos Smith,Huseyin Şensoy,Constantin Stănescu,Ross Matthews,William Salas,Juan Gaytán,Roberto Muñoz,David Cooley
6_2,Standard Event #2,Standard Event #2,Anders Thomsen,Kevin Kent,Christopher Ward,Michael Gordon,Aidan Reardon,Patrick Bennett,Brandon Keith,Patrick Schmitz,Elliott Phillips,Daniel Rios,Jeffery Williams,Mark Perry,Mikael Ekholm,David Morris,Randall Miller,Zachary Patel,Nathan Banks,Darius Grimes,Aaron Doyle,James Jennings,Chad Jones,Dillon Stanley,Charles Leonard,Luke Clark,Pavel Čermák,Antanas Žukauskas,Klaus Sidler,Elliot Holmes,Ethan Cox,Kevin Roberts,Joe Heath,Diogo Freitas,Jason Clark,Bjorn Kjóisdóttir,Hans Fankhauser,William Ortega,Dennis Lyons,Craig Jackson,Brandon Silva,Brandon Baker,Damon Peterson,Russell Warner,Scott Young,Ante Jerič,Ryan Hubbard,Travis Callahan,Thomas Jähn,Sean Taylor,Wolfgang Marte,Leslie Moore,Harry Miles,Gordon Perkins,David Johnston,Constantin Stănescu,Daniel Whitaker,David Munoz,Peter Holzapfel,Anthony Reid,Samuel Gates,Jozsef Horváth,Timothy Hamilton,Adam Milmo,Philip Hall,James Baker,Francisco Guajardo,Christian Henry,Luis Arranz,Tomas Brožová,David Thomas,Austin Love,Adam Williams,David Ruiz,Charles Kennedy,Derrick Robinson,Karoly Molnár,Constantin Albu,Trevor Booker,Peter Steiger,Adam Franco,Jeremy Freeman,Conor Lee,Kaur Tamm,Julian Forster,Christian Henry,Jose Lucero,Randy Diaz,Vasile Tomescu,Gheorghe Dumitrescu,Jeffrey Hudson,Alexander Campbell,David Cooley,Simon Wilson,Andrew Collins,Anthony Gaines,James Dennis,Milan Paľovčík,John Case,Michael Johnson,Kyle Morales,William Salas,Martin Simmons,Steven Keller,Juan Gaytán,Mark Walker,Jesse West,Krzysztof Kaszkowiak,Callum Davison,Andrew Walker,Carlos Smith,Huseyin Şensoy,Michael Davis,Thomas Rogers,Mark Estrada,Tyler Maughan,Pekka Hyvärinen,Duncan Wood,Joe Tapia,Christian Leblanc,Anthony Nguyen,Michael Crawford,Mark Williams,Jeffrey Bell,Terence Heaney,Craig Smith,Andreas Müller,Christopher Dudley,Thomas Ward,Mustafa Şama,Constantin Nemeș,Wesley Cole,Darrell Baker,Adrian Griffin,Andre Bright,Kevin Hensley,Timo Varis,Conan Rabbitte,Josh Boyce,Michael Sutton,Manuel Manning,Billy Williams,Nicholas Hess,Leonard Cartwright,Ahmad Yuniar,Anders Myklebust,Peteris Vanaga,William Foster,Ross Matthews,David Jones,Roberto Muñoz,Hunter Sawyer
6_3,Standard Invitational #1,Standard Invitational #1,Kevin Roberts,Luis Arranz,Craig Smith,Jose Lucero,Randall Miller,William Ortega,Callum Davison,Patrick Schmitz,Elliot Holmes,Karoly Molnár,Christian Henry,Jeffery Williams,Terence Heaney,Kyle Morales,Constantin Albu,Philip Hall,Christian Henry,Pavel Čermák,Andrew Collins,Josh Boyce,Conor Lee,Bjorn Kjóisdóttir,David Morris,Russell Warner,Zachary Patel,Constantin Stănescu,Leonard Cartwright,Jason Clark,Diogo Freitas,Jozsef Horváth,Nathan Banks,Wesley Cole,Martin Simmons,Michael Davis,Antanas Žukauskas,Timothy Hamilton,Anthony Reid,Aidan Reardon,Jeremy Freeman,Luke Clark,Juan Gaytán,Mark Estrada,Anthony Gaines,Steven Keller,Alexander Campbell,Jesse West,Brandon Silva,Christopher Ward,Aaron Doyle,Mark Perry,Constantin Nemeș,Brandon Baker,Darius Grimes,Klaus Sidler,Vasile Tomescu,Andreas Müller,Peteris Vanaga,Adam Franco,John Case,Michael Crawford,Pekka Hyvärinen,Ante Jerič,Francisco Guajardo,Wolfgang Marte,Randy Diaz,Leslie Moore,Andre Bright,Peter Steiger,Timo Varis,Derrick Robinson,Samuel Gates,Thomas Rogers,Christian Leblanc,Carlos Smith,Simon Wilson,Anders Thomsen,Michael Gordon,Daniel Rios,Harry Miles,Manuel Manning,Mustafa Şama,Sean Taylor,Elliott Phillips,Dennis Lyons,Joe Heath,David Ruiz,Ryan Hubbard,Jeffrey Bell,Travis Callahan,Mikael Ekholm,Tomas Brožová,Mark Walker,Krzysztof Kaszkowiak,Hunter Sawyer,David Munoz,Michael Johnson,Charles Kennedy,Kevin Kent,Adam Williams,Charles Leonard,David Johnston,Milan Paľovčík,David Thomas,Hans Fankhauser,William Salas,Ethan Cox,Gheorghe Dumitrescu,Kaur Tamm,Huseyin Şensoy,Julian Forster,Darrell Baker,Damon Peterson,Dillon Stanley,Adam Milmo,James Baker,Austin Love,Brandon Keith,Patrick Bennett,Christopher Dudley,Chad Jones,Ahmad Yuniar,Nicholas Hess,Scott Young,Michael Sutton,Andrew Walker,Roberto Muñoz,Trevor Booker,Craig Jackson,Jeffrey Hudson,Billy Williams,Joe Tapia,Duncan Wood,Thomas Jähn,David Jones,James Jennings,James Dennis,Tyler Maughan,Kevin Hensley,Anders Myklebust,Peter Holzapfel,Conan Rabbitte,Daniel Whitaker,Gordon Perkins,Thomas Ward,Mark Williams,David Cooley,Ross Matthews,Anthony Nguyen,Adrian Griffin,William Foster
6_4,Standard Event #4,Standard Event #4,Christian Henry,Elliot Holmes,Aidan Reardon,Milan Paľovčík,Kaur Tamm,Darius Grimes,Jozsef Horváth,Jeffery Williams,Kevin Hensley,Simon Wilson,Daniel Rios,Constantin Stănescu,Alexander Campbell,Carlos Smith,David Johnston,Joe Heath,Josh Boyce,Mark Estrada,Charles Leonard,James Baker,Billy Williams,Klaus Sidler,Darrell Baker,Bjorn Kjóisdóttir,John Case,Jeremy Freeman,Brandon Baker,David Ruiz,Ethan Cox,Anthony Reid,Karoly Molnár,Austin Love,Terence Heaney,Christian Leblanc,Mark Perry,Duncan Wood,Patrick Schmitz,Luis Arranz,Vasile Tomescu,Mark Walker,Mikael Ekholm,Elliott Phillips,Diogo Freitas,Tyler Maughan,Luke Clark,Andreas Müller,Martin Simmons,Dennis Lyons,Conor Lee,Damon Peterson,Peteris Vanaga,Thomas Rogers,Jason Clark,Kevin Roberts,Trevor Booker,Peter Holzapfel,Derrick Robinson,Harry Miles,Julian Forster,Michael Johnson,Constantin Nemeș,Juan Gaytán,David Morris,Jeffrey Bell,Adam Williams,Pavel Čermák,Chad Jones,Peter Steiger,Adam Franco,Manuel Manning,Michael Crawford,James Jennings,Pekka Hyvärinen,Kyle Morales,Adam Milmo,Jesse West,Andrew Walker,Brandon Silva,Randall Miller,Anders Thomsen,William Ortega,Christian Henry,Michael Sutton,Kevin Kent,James Dennis,Wesley Cole,David Munoz,Craig Smith,Huseyin Şensoy,Andre Bright,Michael Gordon,Michael Davis,Ryan Hubbard,Travis Callahan,Dillon Stanley,Scott Young,Constantin Albu,Craig Jackson,Wolfgang Marte,Sean Taylor,Patrick Bennett,Philip Hall,Tomas Brožová,Christopher Ward,Gheorghe Dumitrescu,Andrew Collins,Daniel Whitaker,Hunter Sawyer,Nathan Banks,Ante Jerič,Zachary Patel,Russell Warner,William Foster,Callum Davison,Thomas Jähn,Krzysztof Kaszkowiak,Leonard Cartwright,Jose Lucero,Francisco Guajardo,Anthony Gaines,Leslie Moore,Thomas Ward,Steven Keller,Aaron Doyle,Adrian Griffin,Joe Tapia,Timothy Hamilton,Samuel Gates,Antanas Žukauskas,Anthony Nguyen,William Salas,Christopher Dudley,Brandon Keith,Gordon Perkins,Charles Kennedy,David Thomas,Timo Varis,Hans Fankhauser,David Jones,David Cooley,Ross Matthews,Conan Rabbitte,Ahmad Yuniar,Roberto Muñoz,Randy Diaz,Anders Myklebust,Jeffrey Hudson,Nicholas Hess,Mark Williams,Mustafa Şama
6_5,Standard Event #3,Standard Event #3,Mark Estrada,Luke Clark,Billy Williams,Andre Bright,Adam Milmo,Anthony Reid,Michael Gordon,Vasile Tomescu,Patrick Bennett,Travis Callahan,Ante Jerič,Dennis Lyons,Jeremy Freeman,Harry Miles,Constantin Stănescu,Constantin Albu,Russell Warner,Craig Smith,Kevin Kent,Timothy Hamilton,Samuel Gates,Antanas Žukauskas,Peter Steiger,Anthony Gaines,Jozsef Horváth,Trevor Booker,Mark Walker,James Dennis,Mikael Ekholm,Michael Davis,Diogo Freitas,Michael Johnson,Martin Simmons,Adam Franco,Conor Lee,Brandon Baker,Chad Jones,Darius Grimes,Darrell Baker,John Case,William Ortega,Andrew Collins,Jesse West,Duncan Wood,Manuel Manning,Charles Leonard,Daniel Whitaker,Christopher Dudley,Joe Heath,Bjorn Kjóisdóttir,Steven Keller,Aaron Doyle,Kyle Morales,Anders Myklebust,Huseyin Şensoy,Pavel Čermák,Josh Boyce,Jose Lucero,Tyler Maughan,Ethan Cox,Michael Crawford,Randall Miller,Leonard Cartwright,Elliot Holmes,William Foster,Anthony Nguyen,Timo Varis,Juan Gaytán,Carlos Smith,Jeffrey Hudson,Patrick Schmitz,William Salas,Nathan Banks,Francisco Guajardo,Christian Henry,Karoly Molnár,Anders Thomsen,Scott Young,Thomas Jähn,Andreas Müller,James Baker,David Ruiz,Daniel Rios,Tomas Brožová,Kevin Hensley,Philip Hall,Leslie Moore,Ryan Hubbard,Kevin Roberts,Christian Henry,Nicholas Hess,Damon Peterson,Adam Williams,Zachary Patel,Joe Tapia,Krzysztof Kaszkowiak,Austin Love,Jeffery Williams,Hans Fankhauser,Thomas Ward,David Morris,Sean Taylor,Thomas Rogers,Brandon Silva,Derrick Robinson,Aidan Reardon,Christian Leblanc,David Cooley,Dillon Stanley,David Munoz,David Thomas,Kaur Tamm,Elliott Phillips,Hunter Sawyer,Constantin Nemeș,Roberto Muñoz,Mark Perry,Milan Paľovčík,Peter Holzapfel,Conan Rabbitte,Craig Jackson,Klaus Sidler,Charles Kennedy,Wesley Cole,David Johnston,Terence Heaney,Jason Clark,Simon Wilson,Julian Forster,Alexander Campbell,Gheorghe Dumitrescu,James Jennings,Luis Arranz,Randy Diaz,Christopher Ward,Ross Matthews,Wolfgang Marte,Brandon Keith,Callum Davison,Mustafa Şama,Michael Sutton,Adrian Griffin,Jeffrey Bell,Andrew Walker,Ahmad Yuniar,Pekka Hyvärinen,Mark Williams,Peteris Vanaga,David Jones,Gordon Perkins
6_6,Standard Event #6,Standard Event #6,Tyler Maughan,Manuel Manning,Luke Clark,Sean Taylor,Diogo Freitas,Dillon Stanley,Martin Simmons,Joe Heath,Samuel Gates,Leslie Moore,Michael Gordon,Anders Thomsen,Darius Grimes,Pavel Čermák,Simon Wilson,Gheorghe Dumitrescu,Patrick Schmitz,Thomas Jähn,Adam Milmo,Duncan Wood,Bjorn Kjóisdóttir,Nathan Banks,Daniel Rios,Alexander Campbell,Mark Perry,Zachary Patel,Timothy Hamilton,Ryan Hubbard,Anthony Nguyen,William Salas,Callum Davison,Kevin Kent,Christian Henry,Juan Gaytán,Anthony Reid,Scott Young,Elliott Phillips,Austin Love,Huseyin Şensoy,Adam Franco,Trevor Booker,Ethan Cox,Wesley Cole,Peteris Vanaga,Jozsef Horváth,Josh Boyce,Kevin Roberts,Andrew Walker,William Ortega,Michael Davis,Brandon Baker,Thomas Rogers,Terence Heaney,Damon Peterson,Russell Warner,Joe Tapia,Jeremy Freeman,David Ruiz,Conor Lee,Steven Keller,Jeffery Williams,David Morris,Hunter Sawyer,James Baker,Julian Forster,Christian Henry,Adam Williams,David Jones,Brandon Keith,Francisco Guajardo,Billy Williams,Aaron Doyle,Elliot Holmes,Daniel Whitaker,Adrian Griffin,Dennis Lyons,Mark Estrada,Karoly Molnár,Derrick Robinson,Ante Jerič,Mikael Ekholm,Aidan Reardon,Charles Leonard,David Cooley,Craig Smith,Andrew Collins,Mustafa Şama,Christopher Dudley,Jesse West,James Jennings,Kaur Tamm,Chad Jones,Constantin Albu,Andre Bright,Philip Hall,Darrell Baker,Christopher Ward,David Johnston,Vasile Tomescu,Peter Holzapfel,Harry Miles,Kevin Hensley,Brandon Silva,Luis Arranz,Michael Crawford,Randall Miller,Charles Kennedy,Jose Lucero,Peter Steiger,Travis Callahan,Krzysztof Kaszkowiak,Kyle Morales,Jeffrey Hudson,Constantin Nemeș,Mark Walker,Timo Varis,Carlos Smith,Conan Rabbitte,Constantin Stănescu,Gordon Perkins,Pekka Hyvärinen,Anthony Gaines,Jeffrey Bell,Jason Clark,Andreas Müller,Michael Johnson,Leonard Cartwright,Michael Sutton,Milan Paľovčík,Wolfgang Marte,Nicholas Hess,Hans Fankhauser,Tomas Brožová,John Case,Patrick Bennett,Craig Jackson,Christian Leblanc,James Dennis,Randy Diaz,William Foster,Antanas Žukauskas,David Munoz,Mark Williams,Ahmad Yuniar,Thomas Ward,David Thomas,Ross Matthews,Klaus Sidler,Anders Myklebust,Roberto Muñoz
6_7,Standard Invitational #3,Standard Invitational #3,Damon Peterson,Brandon Baker,Derrick Robinson,Mark Estrada,Patrick Bennett,Martin Simmons,Kevin Hensley,David Morris,Christian Henry,Zachary Patel,Michael Gordon,Travis Callahan,Conor Lee,Peter Steiger,Peter Holzapfel,Kyle Morales,Antanas Žukauskas,Ante Jerič,Charles Leonard,Aaron Doyle,Nathan Banks,Kevin Roberts,Jeremy Freeman,Adam Franco,Harry Miles,Bjorn Kjóisdóttir,Jose Lucero,Charles Kennedy,Randall Miller,Callum Davison,Kevin Kent,Timothy Hamilton,James Jennings,Constantin Albu,Patrick Schmitz,David Johnston,Anthony Gaines,Karoly Molnár,Klaus Sidler,Thomas Jähn,Diogo Freitas,Constantin Nemeș,Carlos Smith,Chad Jones,Anders Thomsen,Constantin Stănescu,Darius Grimes,Daniel Whitaker,Adam Milmo,Aidan Reardon,Christian Henry,Ryan Hubbard,Andre Bright,Michael Johnson,Jason Clark,Francisco Guajardo,Joe Tapia,William Ortega,James Dennis,William Foster,Anthony Reid,Gordon Perkins,Craig Jackson,Mikael Ekholm,Wolfgang Marte,Trevor Booker,Hans Fankhauser,Andrew Collins,Simon Wilson,Mark Perry,Tyler Maughan,David Thomas,Michael Sutton,Michael Crawford,Elliot Holmes,Brandon Silva,Conan Rabbitte,Christopher Ward,Manuel Manning,Jesse West,Michael Davis,Adrian Griffin,Leonard Cartwright,Wesley Cole,Leslie Moore,Peteris Vanaga,Sean Taylor,Ethan Cox,Darrell Baker,Luis Arranz,Milan Paľovčík,Juan Gaytán,Andreas Müller,Julian Forster,Philip Hall,Austin Love,Thomas Rogers,Russell Warner,Andrew Walker,Timo Varis,Pavel Čermák,Christopher Dudley,Steven Keller,Tomas Brožová,Vasile Tomescu,Joe Heath,Krzysztof Kaszkowiak,James Baker,John Case,Craig Smith,Thomas Ward,Luke Clark,Roberto Muñoz,Duncan Wood,Ross Matthews,Samuel Gates,Mark Williams,David Munoz,Billy Williams,Christian Leblanc,David Jones,Jeffery Williams,Josh Boyce,Elliott Phillips,Alexander Campbell,Daniel Rios,Terence Heaney,Kaur Tamm,David Ruiz,Mark Walker,Anthony Nguyen,Dillon Stanley,Dennis Lyons,Ahmad Yuniar,Pekka Hyvärinen,Anders Myklebust,Mustafa Şama,William Salas,Adam Williams,Hunter Sawyer,Scott Young,Gheorghe Dumitrescu,Huseyin Şensoy,David Cooley,Brandon Keith,Randy Diaz,Jeffrey Hudson,Jozsef Horváth,Jeffrey Bell,Nicholas Hess
6_8,Standard Event #8,Standard Event #8,Jeffery Williams,Mark Estrada,Vasile Tomescu,Aidan Reardon,Francisco Guajardo,Constantin Albu,Simon Wilson,Jozsef Horváth,Conor Lee,Dillon Stanley,Anthony Reid,Christopher Dudley,Russell Warner,Jose Lucero,Christian Henry,Manuel Manning,Anthony Gaines,Patrick Schmitz,Leslie Moore,Elliot Holmes,Anders Thomsen,Wesley Cole,Andrew Collins,Diogo Freitas,David Johnston,Joe Heath,Ethan Cox,Kevin Roberts,Kyle Morales,Harry Miles,Milan Paľovčík,James Baker,Scott Young,Aaron Doyle,Juan Gaytán,Ante Jerič,Krzysztof Kaszkowiak,Brandon Baker,Steven Keller,William Salas,Christian Henry,Nathan Banks,David Thomas,Dennis Lyons,Patrick Bennett,Jesse West,Hans Fankhauser,Jason Clark,James Jennings,Adam Williams,Luis Arranz,Kevin Kent,Michael Davis,Craig Smith,Samuel Gates,Mikael Ekholm,Elliott Phillips,William Ortega,Kaur Tamm,Tomas Brožová,Kevin Hensley,Andreas Müller,David Jones,Constantin Nemeș,Andre Bright,Derrick Robinson,Jeffrey Hudson,Daniel Rios,Timo Varis,Terence Heaney,Adam Milmo,Charles Leonard,Michael Johnson,Huseyin Şensoy,Chad Jones,Brandon Keith,James Dennis,Peter Steiger,Ryan Hubbard,Darius Grimes,Randall Miller,Philip Hall,Charles Kennedy,Adrian Griffin,Luke Clark,Bjorn Kjóisdóttir,Timothy Hamilton,Michael Gordon,Darrell Baker,Tyler Maughan,Karoly Molnár,Mustafa Şama,Michael Crawford,Christian Leblanc,Mark Perry,Gordon Perkins,David Ruiz,Antanas Žukauskas,Peteris Vanaga,Gheorghe Dumitrescu,David Munoz,Zachary Patel,Carlos Smith,Thomas Ward,Craig Jackson,Randy Diaz,Christopher Ward,Julian Forster,John Case,Pavel Čermák,Ross Matthews,Joe Tapia,Martin Simmons,Thomas Jähn,David Morris,Damon Peterson,Austin Love,Duncan Wood,Trevor Booker,Brandon Silva,Jeffrey Bell,Wolfgang Marte,Anders Myklebust,Callum Davison,Adam Franco,Billy Williams,Jeremy Freeman,Travis Callahan,Josh Boyce,Constantin Stănescu,Mark Williams,William Foster,Anthony Nguyen,Hunter Sawyer,Conan Rabbitte,Peter Holzapfel,Thomas Rogers,Roberto Muñoz,Michael Sutton,Daniel Whitaker,David Cooley,Alexander Campbell,Nicholas Hess,Ahmad Yuniar,Sean Taylor,Klaus Sidler,Leonard Cartwright,Andrew Walker,Mark Walker,Pekka Hyvärinen
6_9,Signature Event #2,Signature Event #2,Elliott Phillips,Karoly Molnár,Patrick Schmitz,Joe Heath,Diogo Freitas,Pavel Čermák,Dillon Stanley,Manuel Manning,Kevin Hensley,Mark Perry,Andrew Collins,Daniel Whitaker,Kyle Morales,Conor Lee,Russell Warner,Bjorn Kjóisdóttir,Trevor Booker,Steven Keller,Patrick Bennett,Terence Heaney,Zachary Patel,Craig Smith,Anthony Gaines,Aidan Reardon,Michael Davis,Duncan Wood,Jozsef Horváth,Leslie Moore,Christian Leblanc,Kevin Kent,David Munoz,Callum Davison,William Ortega,David Ruiz,Francisco Guajardo,Adrian Griffin,Jesse West,David Johnston,Michael Sutton,Pekka Hyvärinen,Jeremy Freeman,Michael Johnson,Timothy Hamilton,Mikael Ekholm,Tomas Brožová,Samuel Gates,Ante Jerič,Scott Young,Chad Jones,Brandon Baker,Constantin Stănescu,Wolfgang Marte,Michael Crawford,James Jennings,Charles Kennedy,Luke Clark,John Case,Antanas Žukauskas,Mark Estrada,Darius Grimes,Constantin Albu,Nathan Banks,Wesley Cole,Alexander Campbell,Julian Forster,Constantin Nemeș,Philip Hall,Ethan Cox,Klaus Sidler,Adam Milmo,Anthony Reid,Vasile Tomescu,Christian Henry,James Baker,Brandon Silva,Martin Simmons,James Dennis,Harry Miles,Thomas Ward,Hunter Sawyer,Andreas Müller,Kaur Tamm,Jose Lucero,Sean Taylor,Tyler Maughan,Juan Gaytán,Damon Peterson,Krzysztof Kaszkowiak,Anders Thomsen,David Thomas,Brandon Keith,Andrew Walker,Jeffery Williams,Darrell Baker,William Salas,Charles Leonard,Joe Tapia,David Morris,Christopher Ward,Luis Arranz,Peter Holzapfel,Jason Clark,Leonard Cartwright,Peter Steiger,Mark Williams,Michael Gordon,Ryan Hubbard,Anders Myklebust,Timo Varis,Gordon Perkins,Anthony Nguyen,Hans Fankhauser,Dennis Lyons,Adam Franco,Huseyin Şensoy,Austin Love,Aaron Doyle,Craig Jackson,Kevin Roberts,Milan Paľovčík,Christian Henry,Thomas Rogers,Derrick Robinson,William Foster,Mark Walker,Ahmad Yuniar,Simon Wilson,Randall Miller,Daniel Rios,Travis Callahan,Christopher Dudley,Josh Boyce,Mustafa Şama,Adam Williams,Elliot Holmes,Billy Williams,Nicholas Hess,Roberto Muñoz,Gheorghe Dumitrescu,Randy Diaz,David Jones,Andre Bright,Peteris Vanaga,Conan Rabbitte,Thomas Jähn,Jeffrey Bell,David Cooley,Jeffrey Hudson,Carlos Smith,Ross Matthews
6_10,Mini Major,Continental Championship,Daniel Whitaker,Conor Lee,Constantin Albu,Sean Taylor,Andrew Collins,Tomas Brožová,Patrick Bennett,Duncan Wood,Vasile Tomescu,Christian Henry,Adam Franco,Pavel Čermák,Mark Perry,Kaur Tamm,Michael Davis,Juan Gaytán,Manuel Manning,Brandon Baker,Dennis Lyons,Chad Jones,Jason Clark,Francisco Guajardo,Jesse West,Craig Jackson,Karoly Molnár,Michael Gordon,Patrick Schmitz,Mark Walker,Austin Love,Huseyin Şensoy,Luis Arranz,Jozsef Horváth,Anthony Reid,Aidan Reardon,Callum Davison,Anders Thomsen,Travis Callahan,Billy Williams,Trevor Booker,Timo Varis,Michael Crawford,Jeremy Freeman,Jeffery Williams,Leslie Moore,Nathan Banks,Constantin Stănescu,William Salas,Joe Tapia,Elliott Phillips,John Case,Milan Paľovčík,Zachary Patel,Leonard Cartwright,Charles Kennedy,Darius Grimes,Kyle Morales,Timothy Hamilton,Krzysztof Kaszkowiak,Tyler Maughan,Kevin Roberts,David Munoz,Gheorghe Dumitrescu,Darrell Baker,Ahmad Yuniar,Peteris Vanaga,Terence Heaney,Aaron Doyle,Craig Smith,Michael Johnson,Jose Lucero,Simon Wilson,Philip Hall,Ethan Cox,Mark Estrada,Daniel Rios,Kevin Kent,Andre Bright,Randy Diaz,Martin Simmons,James Dennis,Christian Henry,David Johnston,Joe Heath,Anthony Gaines,Christian Leblanc,Bjorn Kjóisdóttir,Alexander Campbell,Randall Miller,Jeffrey Bell,Michael Sutton,Thomas Rogers,David Morris,Pekka Hyvärinen,David Thomas,Adrian Griffin,Peter Steiger,Scott Young,Peter Holzapfel,Damon Peterson,Charles Leonard,Derrick Robinson,Harry Miles,Wesley Cole,Luke Clark,Russell Warner,Julian Forster,Hunter Sawyer,Mikael Ekholm,Wolfgang Marte,James Baker,David Jones,Klaus Sidler,Josh Boyce,Adam Milmo,Brandon Silva,James Jennings,Ross Matthews,William Ortega,Antanas Žukauskas,Hans Fankhauser,David Ruiz,Christopher Dudley,Brandon Keith,Samuel Gates,Adam Williams,Andreas Müller,Dillon Stanley,Diogo Freitas,David Cooley,Steven Keller,Jeffrey Hudson,Ryan Hubbard,Constantin Nemeș,Kevin Hensley,Anders Myklebust,Anthony Nguyen,Elliot Holmes,Christopher Ward,Conan Rabbitte,Carlos Smith,Ante Jerič,Mark Williams,Andrew Walker,Mustafa Şama,Thomas Jähn,Roberto Muñoz,Nicholas Hess,William Foster,Thomas Ward,Gordon Perkins
6_11,Standard Invitational #5,Standard Invitational #5,Michael Davis,Manuel Manning,Russell Warner,Harry Miles,Andrew Collins,James Dennis,Christian Leblanc,Constantin Albu,Nathan Banks,Terence Heaney,Darrell Baker,James Jennings,Ryan Hubbard,Chad Jones,David Johnston,Craig Smith,Mark Estrada,Billy Williams,Samuel Gates,Joe Heath,Elliott Phillips,Leslie Moore,Jeffery Williams,Kevin Kent,Daniel Whitaker,Kyle Morales,Kevin Roberts,Patrick Schmitz,Charles Leonard,Jesse West,John Case,Adam Milmo,David Ruiz,Vasile Tomescu,Brandon Keith,Juan Gaytán,Zachary Patel,Kevin Hensley,Thomas Jähn,Pavel Čermák,Diogo Freitas,David Thomas,Antanas Žukauskas,Luis Arranz,Darius Grimes,Alexander Campbell,Simon Wilson,Tomas Brožová,Jeffrey Bell,Bjorn Kjóisdóttir,Randall Miller,Anders Myklebust,Timo Varis,Dillon Stanley,Aidan Reardon,Leonard Cartwright,Brandon Baker,Travis Callahan,Ante Jerič,Milan Paľovčík,Damon Peterson,Mark Williams,Anthony Nguyen,Michael Gordon,Gheorghe Dumitrescu,Michael Johnson,Kaur Tamm,Trevor Booker,Andreas Müller,David Munoz,Christopher Dudley,Luke Clark,Peteris Vanaga,Sean Taylor,Wolfgang Marte,Mikael Ekholm,Steven Keller,Adam Franco,Peter Steiger,Conan Rabbitte,William Ortega,Gordon Perkins,Mustafa Şama,Philip Hall,Adam Williams,Callum Davison,James Baker,Aaron Doyle,Randy Diaz,Klaus Sidler,Ethan Cox,Christopher Ward,Martin Simmons,Constantin Stănescu,Elliot Holmes,Krzysztof Kaszkowiak,Joe Tapia,Mark Perry,Patrick Bennett,Michael Crawford,Scott Young,Anders Thomsen,Andre Bright,Constantin Nemeș,David Morris,Timothy Hamilton,Josh Boyce,Derrick Robinson,Hunter Sawyer,Christian Henry,Brandon Silva,William Foster,Thomas Rogers,Karoly Molnár,William Salas,Jason Clark,Jose Lucero,Conor Lee,Anthony Reid,Carlos Smith,Christian Henry,Charles Kennedy,Tyler Maughan,Jozsef Horváth,Anthony Gaines,Dennis Lyons,Jeremy Freeman,Craig Jackson,Michael Sutton,Daniel Rios,Andrew Walker,Mark Walker,Francisco Guajardo,Thomas Ward,Austin Love,Huseyin Şensoy,Ahmad Yuniar,Pekka Hyvärinen,Adrian Griffin,David Jones,Peter Holzapfel,Ross Matthews,Hans Fankhauser,Duncan Wood,Julian Forster,Wesley Cole,Jeffrey Hudson,Nicholas Hess,David Cooley,Roberto Muñoz
6_12,Standard Event #12,Standard Event #12,Kevin Kent,Simon Wilson,Philip Hall,Steven Keller,William Ortega,Billy Williams,Michael Davis,Kyle Morales,Christian Henry,Anthony Reid,Jesse West,Christian Henry,Brandon Baker,Jose Lucero,Anders Thomsen,Diogo Freitas,Daniel Rios,Thomas Jähn,Callum Davison,Travis Callahan,Andreas Müller,Aaron Doyle,Milan Paľovčík,Mark Perry,Tyler Maughan,Carlos Smith,Sean Taylor,Leslie Moore,Chad Jones,David Thomas,Russell Warner,Joe Heath,Craig Smith,Mark Walker,Antanas Žukauskas,Joe Tapia,David Munoz,Karoly Molnár,Darius Grimes,Alexander Campbell,Mark Estrada,Duncan Wood,Harry Miles,Terence Heaney,Manuel Manning,Elliott Phillips,Constantin Nemeș,Josh Boyce,Patrick Schmitz,Damon Peterson,Zachary Patel,Luke Clark,Andrew Collins,Christian Leblanc,Conor Lee,Jeremy Freeman,James Jennings,Francisco Guajardo,Mikael Ekholm,Jeffery Williams,Thomas Rogers,Timo Varis,Ante Jerič,David Jones,Bjorn Kjóisdóttir,John Case,Aidan Reardon,Ethan Cox,Jeffrey Bell,Anthony Gaines,Kaur Tamm,Trevor Booker,Christopher Dudley,Anders Myklebust,Derrick Robinson,James Baker,Elliot Holmes,Krzysztof Kaszkowiak,Thomas Ward,Conan Rabbitte,Michael Gordon,Adam Milmo,Randy Diaz,Pavel Čermák,Jason Clark,David Morris,Charles Leonard,Julian Forster,Brandon Keith,Ryan Hubbard,Gheorghe Dumitrescu,Dillon Stanley,Martin Simmons,Hunter Sawyer,Darrell Baker,Hans Fankhauser,Dennis Lyons,Tomas Brožová,Andrew Walker,Vasile Tomescu,Constantin Stănescu,Michael Crawford,Andre Bright,Huseyin Şensoy,William Salas,Craig Jackson,Leonard Cartwright,Peter Steiger,Austin Love,Timothy Hamilton,Brandon Silva,Peter Holzapfel,Kevin Hensley,Randall Miller,Daniel Whitaker,Ahmad Yuniar,Klaus Sidler,Adam Franco,Roberto Muñoz,Christopher Ward,Wolfgang Marte,Michael Johnson,Anthony Nguyen,Kevin Roberts,Constantin Albu,Pekka Hyvärinen,Luis Arranz,Patrick Bennett,Charles Kennedy,Wesley Cole,Nathan Banks,Scott Young,Samuel Gates,James Dennis,Juan Gaytán,Nicholas Hess,William Foster,Adam Williams,David Johnston,David Ruiz,Jozsef Horváth,Ross Matthews,Mustafa Şama,Jeffrey Hudson,Peteris Vanaga,Mark Williams,Michael Sutton,David Cooley,Adrian Griffin,Gordon Perkins
6_13,Standard Invitational #6,Standard Invitational #6,Austin Love,Russell Warner,Timo Varis,Kaur Tamm,Philip Hall,Kyle Morales,Charles Leonard,Dennis Lyons,Elliott Phillips,Darrell Baker,Martin Simmons,Leslie Moore,Craig Smith,Peter Steiger,Jesse West,Patrick Schmitz,David Morris,Mark Perry,Tomas Brožová,Anthony Reid,Terence Heaney,Christian Henry,Nathan Banks,Damon Peterson,Dillon Stanley,Derrick Robinson,Trevor Booker,Mark Walker,Brandon Silva,Harry Miles,Luke Clark,Craig Jackson,Jason Clark,Michael Johnson,Darius Grimes,Jeffery Williams,Brandon Baker,Antanas Žukauskas,Kevin Kent,Conor Lee,Juan Gaytán,Adam Franco,Michael Davis,Pavel Čermák,Tyler Maughan,Vasile Tomescu,Conan Rabbitte,Michael Crawford,Aaron Doyle,Hunter Sawyer,Jeremy Freeman,Jozsef Horváth,David Johnston,Jeffrey Bell,Duncan Wood,Milan Paľovčík,Joe Heath,Billy Williams,Brandon Keith,Christian Henry,John Case,Mikael Ekholm,David Jones,Christopher Dudley,Anthony Gaines,Sean Taylor,Constantin Albu,Gordon Perkins,Daniel Rios,Daniel Whitaker,Joe Tapia,Chad Jones,Alexander Campbell,James Dennis,Jose Lucero,James Baker,Andrew Collins,Ryan Hubbard,Huseyin Şensoy,Michael Sutton,Mark Estrada,Constantin Stănescu,Zachary Patel,Andrew Walker,Ante Jerič,Steven Keller,Simon Wilson,Ross Matthews,Samuel Gates,William Ortega,Hans Fankhauser,Peter Holzapfel,Travis Callahan,Patrick Bennett,Thomas Ward,David Thomas,Gheorghe Dumitrescu,Nicholas Hess,Bjorn Kjóisdóttir,David Cooley,Adam Milmo,Charles Kennedy,Manuel Manning,Thomas Jähn,Kevin Roberts,Elliot Holmes,Ahmad Yuniar,Leonard Cartwright,Carlos Smith,Randy Diaz,Francisco Guajardo,Julian Forster,Michael Gordon,Christopher Ward,Ethan Cox,Diogo Freitas,Randall Miller,David Munoz,Adrian Griffin,James Jennings,Anders Myklebust,William Foster,Roberto Muñoz,Timothy Hamilton,Pekka Hyvärinen,David Ruiz,Klaus Sidler,Adam Williams,Callum Davison,Luis Arranz,Josh Boyce,Kevin Hensley,Andreas Müller,Scott Young,Wesley Cole,Thomas Rogers,Peteris Vanaga,William Salas,Karoly Molnár,Jeffrey Hudson,Christian Leblanc,Aidan Reardon,Wolfgang Marte,Anders Thomsen,Mark Williams,Anthony Nguyen,Krzysztof Kaszkowiak,Constantin Nemeș,Andre Bright,Mustafa Şama
6_14,Standard Event #14,Standard Event #14,Anthony Reid,Sean Taylor,Antanas Žukauskas,Adam Milmo,Jeffery Williams,David Morris,Pavel Čermák,Aidan Reardon,Karoly Molnár,Philip Hall,Craig Smith,Elliott Phillips,Leslie Moore,Wesley Cole,Patrick Schmitz,Randall Miller,Daniel Whitaker,Ante Jerič,Alexander Campbell,Callum Davison,Tomas Brožová,Chad Jones,Brandon Silva,Brandon Keith,Kevin Kent,Timo Varis,Manuel Manning,Aaron Doyle,Travis Callahan,Jozsef Horváth,Terence Heaney,Christian Henry,Juan Gaytán,William Ortega,James Dennis,Timothy Hamilton,David Thomas,Charles Leonard,Diogo Freitas,Daniel Rios,James Jennings,Klaus Sidler,Conor Lee,Michael Johnson,Mark Estrada,Ethan Cox,Christopher Dudley,Constantin Stănescu,Adam Williams,Tyler Maughan,Francisco Guajardo,William Foster,Ahmad Yuniar,Kyle Morales,Jason Clark,Michael Sutton,Ryan Hubbard,Andrew Collins,Christian Henry,Michael Crawford,Bjorn Kjóisdóttir,Peter Steiger,Michael Davis,Harry Miles,Mark Perry,Josh Boyce,Russell Warner,Joe Tapia,Christian Leblanc,William Salas,Gordon Perkins,Darrell Baker,Zachary Patel,Andrew Walker,Jeremy Freeman,Thomas Rogers,Hans Fankhauser,Milan Paľovčík,David Munoz,Anthony Gaines,Huseyin Şensoy,Duncan Wood,Jesse West,Joe Heath,Kevin Hensley,David Cooley,Conan Rabbitte,John Case,David Johnston,Thomas Jähn,Leonard Cartwright,Trevor Booker,Dillon Stanley,Darius Grimes,Patrick Bennett,Austin Love,Vasile Tomescu,Luis Arranz,Andre Bright,Elliot Holmes,Gheorghe Dumitrescu,Randy Diaz,Kevin Roberts,Steven Keller,James Baker,Craig Jackson,Damon Peterson,Jeffrey Bell,Ross Matthews,Christopher Ward,Anders Thomsen,Nathan Banks,Julian Forster,Nicholas Hess,Brandon Baker,Michael Gordon,Dennis Lyons,Constantin Albu,Pekka Hyvärinen,Adam Franco,Mark Williams,Scott Young,Mustafa Şama,Simon Wilson,Constantin Nemeș,Mark Walker,Derrick Robinson,Roberto Muñoz,Peteris Vanaga,Anthony Nguyen,David Jones,Krzysztof Kaszkowiak,Luke Clark,Wolfgang Marte,Billy Williams,Carlos Smith,Kaur Tamm,Charles Kennedy,Martin Simmons,Andreas Müller,David Ruiz,Mikael Ekholm,Jose Lucero,Jeffrey Hudson,Samuel Gates,Thomas Ward,Peter Holzapfel,Hunter Sawyer,Adrian Griffin,Anders Myklebust
6_15,Major #1,Sovereign Tournament,Martin Simmons,Michael Crawford,Jesse West,Pavel Čermák,James Baker,Luis Arranz,Anders Thomsen,Kevin Kent,Peter Steiger,Russell Warner,Duncan Wood,Harry Miles,Zachary Patel,Christian Henry,David Thomas,Tyler Maughan,Christopher Dudley,Anthony Gaines,Kevin Hensley,Michael Davis,Dennis Lyons,Patrick Schmitz,Hans Fankhauser,Mikael Ekholm,Vasile Tomescu,Christopher Ward,Randall Miller,Milan Paľovčík,Carlos Smith,Thomas Jähn,Kaur Tamm,Dillon Stanley,Kyle Morales,Craig Smith,Andreas Müller,Timo Varis,Christian Henry,Trevor Booker,Michael Johnson,Jeremy Freeman,Philip Hall,Karoly Molnár,Brandon Keith,Diogo Freitas,Tomas Brožová,Christian Leblanc,Elliott Phillips,Anthony Reid,Damon Peterson,Mark Estrada,Peteris Vanaga,Simon Wilson,David Morris,Darius Grimes,Adam Franco,Wesley Cole,Daniel Whitaker,James Dennis,Andrew Walker,Elliot Holmes,Josh Boyce,Travis Callahan,Timothy Hamilton,Peter Holzapfel,Constantin Nemeș,Luke Clark,Mustafa Şama,Krzysztof Kaszkowiak,Thomas Rogers,Gheorghe Dumitrescu,Anders Myklebust,Terence Heaney,Billy Williams,Darrell Baker,Manuel Manning,Constantin Stănescu,Sean Taylor,Leonard Cartwright,James Jennings,Adam Milmo,Leslie Moore,Mark Walker,Austin Love,Jason Clark,David Munoz,Gordon Perkins,Constantin Albu,William Ortega,Aidan Reardon,Nathan Banks,Kevin Roberts,Bjorn Kjóisdóttir,Craig Jackson,Chad Jones,Ahmad Yuniar,Mark Perry,Alexander Campbell,Joe Heath,Huseyin Şensoy,Joe Tapia,Juan Gaytán,Michael Gordon,Jeffery Williams,Brandon Baker,Wolfgang Marte,Andrew Collins,Randy Diaz,Francisco Guajardo,Ante Jerič,Andre Bright,Patrick Bennett,Conor Lee,John Case,Ethan Cox,Charles Leonard,Steven Keller,Brandon Silva,Aaron Doyle,Jeffrey Bell,Adam Williams,Mark Williams,Thomas Ward,Charles Kennedy,Jozsef Horváth,Jose Lucero,Julian Forster,Anthony Nguyen,Daniel Rios,Callum Davison,Pekka Hyvärinen,Derrick Robinson,Ryan Hubbard,Ross Matthews,Klaus Sidler,David Johnston,Antanas Žukauskas,Scott Young,David Ruiz,Roberto Muñoz,Samuel Gates,William Salas,William Foster,David Jones,David Cooley,Adrian Griffin,Jeffrey Hudson,Hunter Sawyer,Conan Rabbitte,Michael Sutton,Nicholas Hess
6_16,Standard Event #16,Standard Event #16,William Ortega,Kevin Kent,Craig Jackson,Simon Wilson,Michael Davis,Jesse West,Russell Warner,Randall Miller,Bjorn Kjóisdóttir,Vasile Tomescu,Aidan Reardon,Adam Milmo,James Jennings,Timo Varis,Philip Hall,Adam Franco,Kyle Morales,Jeremy Freeman,Christopher Dudley,Brandon Baker,Christian Henry,William Salas,Elliot Holmes,Sean Taylor,Manuel Manning,Diogo Freitas,Andrew Collins,David Morris,Darius Grimes,Tyler Maughan,Terence Heaney,Tomas Brožová,Michael Johnson,Kaur Tamm,Patrick Bennett,Jose Lucero,Pekka Hyvärinen,Charles Kennedy,Josh Boyce,Peter Steiger,Patrick Schmitz,Craig Smith,James Baker,Krzysztof Kaszkowiak,Daniel Whitaker,Dennis Lyons,Andrew Walker,Karoly Molnár,Harry Miles,Anthony Reid,Anthony Gaines,Adam Williams,Juan Gaytán,Ante Jerič,Mark Estrada,Zachary Patel,Andre Bright,Ryan Hubbard,Alexander Campbell,Ross Matthews,Luke Clark,Christian Henry,Constantin Albu,Timothy Hamilton,Kevin Roberts,Martin Simmons,Francisco Guajardo,Klaus Sidler,Jeffery Williams,Kevin Hensley,Aaron Doyle,Leslie Moore,Damon Peterson,Joe Heath,Conor Lee,David Munoz,Jason Clark,Michael Gordon,Pavel Čermák,Anthony Nguyen,Brandon Silva,Mark Walker,Dillon Stanley,Ahmad Yuniar,Callum Davison,Darrell Baker,David Ruiz,Mikael Ekholm,Scott Young,Daniel Rios,Jozsef Horváth,Huseyin Şensoy,David Thomas,Joe Tapia,Randy Diaz,William Foster,Christopher Ward,Steven Keller,David Johnston,Antanas Žukauskas,Julian Forster,Billy Williams,Samuel Gates,Thomas Rogers,Gheorghe Dumitrescu,Chad Jones,Travis Callahan,Gordon Perkins,Ethan Cox,Mark Perry,Wesley Cole,David Jones,Andreas Müller,Mark Williams,Anders Thomsen,James Dennis,Elliott Phillips,Leonard Cartwright,Michael Sutton,Trevor Booker,Peter Holzapfel,Thomas Ward,Austin Love,Duncan Wood,Milan Paľovčík,Peteris Vanaga,Constantin Stănescu,Charles Leonard,Nathan Banks,John Case,Thomas Jähn,Nicholas Hess,Luis Arranz,Anders Myklebust,Jeffrey Bell,Christian Leblanc,Brandon Keith,Constantin Nemeș,Michael Crawford,Hans Fankhauser,David Cooley,Roberto Muñoz,Wolfgang Marte,Hunter Sawyer,Derrick Robinson,Adrian Griffin,Conan Rabbitte,Carlos Smith,Jeffrey Hudson,Mustafa Şama
6_17,Standard Invitational #8,Standard Invitational #8,Jesse West,Ethan Cox,Karoly Molnár,Kevin Kent,Travis Callahan,David Munoz,Joe Heath,Luke Clark,Patrick Schmitz,Harry Miles,Timo Varis,Peter Steiger,Constantin Albu,Russell Warner,Bjorn Kjóisdóttir,Randall Miller,David Johnston,Tyler Maughan,John Case,Aidan Reardon,Manuel Manning,Andre Bright,Leslie Moore,Anthony Reid,Charles Leonard,Antanas Žukauskas,Darius Grimes,Francisco Guajardo,Zachary Patel,Christian Leblanc,Christian Henry,Patrick Bennett,Wesley Cole,Elliott Phillips,Josh Boyce,Brandon Baker,Brandon Silva,Kaur Tamm,Thomas Jähn,Ahmad Yuniar,Anthony Nguyen,Pavel Čermák,Kevin Roberts,David Morris,James Baker,Conor Lee,Milan Paľovčík,Mark Walker,Michael Johnson,Jeffery Williams,Brandon Keith,Constantin Stănescu,Mark Estrada,Martin Simmons,Ryan Hubbard,Samuel Gates,Kevin Hensley,Pekka Hyvärinen,Wolfgang Marte,Austin Love,Michael Gordon,Jozsef Horváth,Simon Wilson,Craig Jackson,Vasile Tomescu,Duncan Wood,Christopher Dudley,Adam Milmo,Jeremy Freeman,Ross Matthews,Michael Davis,Nathan Banks,Aaron Doyle,Diogo Freitas,Jason Clark,Jose Lucero,Philip Hall,Constantin Nemeș,William Ortega,Christian Henry,Scott Young,David Thomas,Elliot Holmes,Dillon Stanley,Damon Peterson,Luis Arranz,Chad Jones,Thomas Rogers,Steven Keller,Trevor Booker,Adam Franco,Carlos Smith,Hans Fankhauser,Mustafa Şama,Michael Crawford,Christopher Ward,Timothy Hamilton,Craig Smith,Anders Thomsen,Andrew Collins,Peteris Vanaga,Darrell Baker,Gheorghe Dumitrescu,Mikael Ekholm,Hunter Sawyer,Juan Gaytán,Jeffrey Hudson,Daniel Whitaker,David Jones,David Ruiz,Billy Williams,Dennis Lyons,Daniel Rios,Anders Myklebust,Tomas Brožová,Adrian Griffin,Kyle Morales,Gordon Perkins,Krzysztof Kaszkowiak,James Dennis,Terence Heaney,Charles Kennedy,Mark Perry,Alexander Campbell,Michael Sutton,Andrew Walker,Derrick Robinson,Andreas Müller,Klaus Sidler,Julian Forster,Sean Taylor,William Foster,David Cooley,James Jennings,Ante Jerič,Leonard Cartwright,Anthony Gaines,Huseyin Şensoy,William Salas,Peter Holzapfel,Thomas Ward,Adam Williams,Conan Rabbitte,Nicholas Hess,Jeffrey Bell,Roberto Muñoz,Randy Diaz,Joe Tapia,Mark Williams,Callum Davison
6_18,Standard Event #18,Standard Event #18,Andrew Collins,Callum Davison,Jozsef Horváth,Manuel Manning,Philip Hall,William Ortega,Michael Davis,Christian Henry,Michael Crawford,Vasile Tomescu,Kevin Roberts,Bjorn Kjóisdóttir,Austin Love,David Johnston,Alexander Campbell,Zachary Patel,Martin Simmons,Andre Bright,James Baker,Adam Franco,Kyle Morales,Timo Varis,Darrell Baker,Craig Smith,Ryan Hubbard,Diogo Freitas,Craig Jackson,Tomas Brožová,Thomas Jähn,Kevin Hensley,Jesse West,Mark Estrada,Aidan Reardon,Daniel Rios,Travis Callahan,Jeffery Williams,Patrick Schmitz,Daniel Whitaker,Thomas Rogers,Krzysztof Kaszkowiak,Christopher Dudley,Billy Williams,Steven Keller,Josh Boyce,Huseyin Şensoy,Terence Heaney,Juan Gaytán,Elliott Phillips,Russell Warner,Christian Henry,Sean Taylor,Leslie Moore,Anthony Reid,John Case,Luis Arranz,Julian Forster,James Dennis,Wolfgang Marte,Timothy Hamilton,Jose Lucero,David Morris,Pavel Čermák,Andreas Müller,Adam Milmo,Peter Steiger,Randall Miller,Conor Lee,Mikael Ekholm,Michael Gordon,Kevin Kent,Charles Leonard,Patrick Bennett,Anders Thomsen,Antanas Žukauskas,Michael Johnson,Leonard Cartwright,Wesley Cole,Jeremy Freeman,Ahmad Yuniar,Francisco Guajardo,Dillon Stanley,Milan Paľovčík,Aaron Doyle,Elliot Holmes,Chad Jones,Adam Williams,Harry Miles,Conan Rabbitte,Klaus Sidler,Brandon Keith,Simon Wilson,Brandon Baker,Mark Walker,Andrew Walker,Joe Tapia,Trevor Booker,James Jennings,Kaur Tamm,Hans Fankhauser,Darius Grimes,David Ruiz,Jason Clark,Anthony Gaines,Luke Clark,Carlos Smith,Adrian Griffin,Derrick Robinson,Karoly Molnár,David Jones,Damon Peterson,Randy Diaz,Hunter Sawyer,David Munoz,Joe Heath,William Foster,Ethan Cox,Duncan Wood,Constantin Stănescu,David Thomas,Roberto Muñoz,Michael Sutton,Ante Jerič,Mustafa Şama,Anthony Nguyen,Thomas Ward,Peteris Vanaga,Peter Holzapfel,David Cooley,Gheorghe Dumitrescu,Constantin Albu,Mark Williams,Dennis Lyons,William Salas,Christian Leblanc,Pekka Hyvärinen,Charles Kennedy,Brandon Silva,Tyler Maughan,Samuel Gates,Mark Perry,Jeffrey Hudson,Nathan Banks,Christopher Ward,Nicholas Hess,Anders Myklebust,Scott Young,Constantin Nemeș,Ross Matthews,Gordon Perkins,Jeffrey Bell
6_19,Standard Invitational #9,Standard Invitational #9,Mark Estrada,Bjorn Kjóisdóttir,Brandon Baker,Kevin Kent,Jeffery Williams,Jason Clark,Michael Johnson,Luis Arranz,Chad Jones,Adam Milmo,Craig Smith,Adam Franco,Darius Grimes,Jeremy Freeman,Kyle Morales,Elliot Holmes,Duncan Wood,Tomas Brožová,Harry Miles,Dillon Stanley,Christian Henry,Michael Crawford,Aidan Reardon,Russell Warner,Antanas Žukauskas,Karoly Molnár,Zachary Patel,Austin Love,David Ruiz,Carlos Smith,Michael Gordon,Patrick Schmitz,Kevin Roberts,Christian Henry,Martin Simmons,Dennis Lyons,Thomas Rogers,Billy Williams,James Baker,Andrew Collins,Ante Jerič,Brandon Silva,Joe Tapia,Charles Leonard,Jesse West,Alexander Campbell,Vasile Tomescu,Daniel Whitaker,Samuel Gates,Michael Davis,Peter Steiger,Adam Williams,Peter Holzapfel,Christopher Ward,Constantin Albu,Travis Callahan,Sean Taylor,Anders Myklebust,Manuel Manning,Julian Forster,Ahmad Yuniar,William Salas,Anders Thomsen,Conor Lee,Leslie Moore,Charles Kennedy,Timo Varis,Mikael Ekholm,Huseyin Şensoy,David Morris,Derrick Robinson,Scott Young,Jozsef Horváth,William Foster,Wolfgang Marte,Terence Heaney,Christian Leblanc,Brandon Keith,Constantin Stănescu,Pavel Čermák,Anthony Nguyen,Ryan Hubbard,Michael Sutton,Andre Bright,Ethan Cox,Philip Hall,Hunter Sawyer,Timothy Hamilton,Aaron Doyle,James Jennings,Damon Peterson,Klaus Sidler,Anthony Gaines,Daniel Rios,Christopher Dudley,Randy Diaz,Krzysztof Kaszkowiak,David Johnston,Wesley Cole,Francisco Guajardo,Jeffrey Bell,Mark Perry,David Munoz,Kevin Hensley,Josh Boyce,Mustafa Şama,David Jones,Andreas Müller,Elliott Phillips,Jose Lucero,Tyler Maughan,Leonard Cartwright,John Case,Patrick Bennett,Jeffrey Hudson,Randall Miller,David Thomas,Joe Heath,Simon Wilson,Milan Paľovčík,Luke Clark,Kaur Tamm,Hans Fankhauser,Thomas Ward,Diogo Freitas,Anthony Reid,Juan Gaytán,James Dennis,Callum Davison,Thomas Jähn,Craig Jackson,Andrew Walker,Darrell Baker,Mark Williams,William Ortega,Nathan Banks,Steven Keller,Gordon Perkins,Pekka Hyvärinen,Ross Matthews,Conan Rabbitte,Gheorghe Dumitrescu,Adrian Griffin,David Cooley,Trevor Booker,Mark Walker,Peteris Vanaga,Constantin Nemeș,Nicholas Hess,Roberto Muñoz
6_20,Major #2,AGA Championship,Adam Franco,Billy Williams,Aidan Reardon,Jason Clark,Travis Callahan,Constantin Albu,Jeffery Williams,Karoly Molnár,Ethan Cox,Philip Hall,Krzysztof Kaszkowiak,Simon Wilson,Trevor Booker,Austin Love,Anthony Reid,Martin Simmons,Timo Varis,Joe Heath,Ryan Hubbard,Callum Davison,Craig Jackson,Charles Leonard,Kevin Hensley,Kaur Tamm,Damon Peterson,Manuel Manning,Daniel Whitaker,David Thomas,Craig Smith,Duncan Wood,James Jennings,Thomas Rogers,Kyle Morales,Jesse West,Elliott Phillips,Michael Johnson,Brandon Baker,Zachary Patel,Leonard Cartwright,David Morris,Leslie Moore,Francisco Guajardo,Christian Henry,Kevin Kent,Nathan Banks,Milan Paľovčík,Timothy Hamilton,Sean Taylor,Carlos Smith,Bjorn Kjóisdóttir,Constantin Nemeș,Andre Bright,Conor Lee,David Jones,Adam Milmo,Dennis Lyons,Mark Perry,Jeremy Freeman,Anders Myklebust,Wesley Cole,Mark Estrada,Andrew Collins,Juan Gaytán,Luis Arranz,Anders Thomsen,Luke Clark,Andreas Müller,Peter Steiger,Josh Boyce,David Johnston,Christopher Dudley,Anthony Nguyen,Mikael Ekholm,Charles Kennedy,Jeffrey Bell,Brandon Keith,Dillon Stanley,Christian Henry,Diogo Freitas,Peteris Vanaga,Alexander Campbell,Derrick Robinson,Steven Keller,William Ortega,Samuel Gates,Elliot Holmes,Kevin Roberts,Adam Williams,Patrick Schmitz,Peter Holzapfel,Randy Diaz,Pavel Čermák,Conan Rabbitte,Darius Grimes,Scott Young,James Dennis,Anthony Gaines,Terence Heaney,Jose Lucero,John Case,David Munoz,Chad Jones,Wolfgang Marte,Harry Miles,Michael Crawford,Patrick Bennett,Brandon Silva,Michael Gordon,Ante Jerič,Vasile Tomescu,Daniel Rios,Michael Davis,William Salas,James Baker,Aaron Doyle,Tomas Brožová,Constantin Stănescu,Ross Matthews,Russell Warner,Darrell Baker,Pekka Hyvärinen,Jozsef Horváth,Roberto Muñoz,Gheorghe Dumitrescu,Klaus Sidler,William Foster,Thomas Jähn,Julian Forster,Hans Fankhauser,Joe Tapia,Christopher Ward,Mark Walker,Gordon Perkins,Antanas Žukauskas,David Cooley,Randall Miller,Jeffrey Hudson,Mustafa Şama,Hunter Sawyer,Christian Leblanc,Michael Sutton,Huseyin Şensoy,Andrew Walker,Tyler Maughan,David Ruiz,Nicholas Hess,Mark Williams,Ahmad Yuniar,Thomas Ward,Adrian Griffin
6_21,Standard Invitational #10,Standard Invitational #10,Jesse West,Leslie Moore,Constantin Albu,Daniel Whitaker,Tyler Maughan,Kaur Tamm,Charles Leonard,Travis Callahan,Adam Williams,James Jennings,Diogo Freitas,Christian Leblanc,Adam Milmo,David Munoz,Sean Taylor,Darius Grimes,Ryan Hubbard,Michael Davis,Aidan Reardon,David Johnston,Jeffery Williams,Kevin Kent,Karoly Molnár,Gheorghe Dumitrescu,William Salas,Kyle Morales,Ethan Cox,Luke Clark,Brandon Baker,James Dennis,Duncan Wood,William Ortega,Daniel Rios,Pekka Hyvärinen,David Morris,Leonard Cartwright,Patrick Bennett,Alexander Campbell,Anthony Reid,Timothy Hamilton,Michael Gordon,Patrick Schmitz,Jeremy Freeman,Josh Boyce,Peter Steiger,Darrell Baker,Constantin Stănescu,Bjorn Kjóisdóttir,Adrian Griffin,Klaus Sidler,Milan Paľovčík,James Baker,Joe Tapia,Brandon Keith,Ahmad Yuniar,Andreas Müller,Mark Walker,Juan Gaytán,Adam Franco,Thomas Jähn,Philip Hall,Michael Johnson,Andre Bright,Callum Davison,Julian Forster,Antanas Žukauskas,Ante Jerič,Nathan Banks,Thomas Rogers,Conan Rabbitte,Manuel Manning,Pavel Čermák,Damon Peterson,Anthony Nguyen,Samuel Gates,Dennis Lyons,Wolfgang Marte,Randall Miller,Carlos Smith,Mark Estrada,Aaron Doyle,Wesley Cole,Andrew Walker,Elliott Phillips,Hans Fankhauser,Christopher Dudley,Kevin Hensley,Jose Lucero,Joe Heath,Huseyin Şensoy,Billy Williams,David Jones,David Thomas,Andrew Collins,Harry Miles,Austin Love,Derrick Robinson,Craig Smith,Timo Varis,Vasile Tomescu,Christopher Ward,Kevin Roberts,Jozsef Horváth,David Ruiz,Thomas Ward,Mikael Ekholm,Tomas Brožová,Luis Arranz,Peter Holzapfel,Anders Myklebust,Elliot Holmes,Krzysztof Kaszkowiak,Hunter Sawyer,Conor Lee,Mustafa Şama,Martin Simmons,Chad Jones,William Foster,Craig Jackson,Christian Henry,Ross Matthews,Michael Crawford,Christian Henry,Jeffrey Bell,Jason Clark,Zachary Patel,Trevor Booker,Francisco Guajardo,Simon Wilson,Terence Heaney,Anders Thomsen,Peteris Vanaga,Steven Keller,Mark Perry,Russell Warner,Mark Williams,John Case,Brandon Silva,Scott Young,Constantin Nemeș,Anthony Gaines,Charles Kennedy,Jeffrey Hudson,Michael Sutton,Dillon Stanley,Randy Diaz,Nicholas Hess,Gordon Perkins,David Cooley,Roberto Muñoz
6_22,Standard Event #22,Standard Event #22,Milan Paľovčík,Michael Davis,Conor Lee,Ante Jerič,Kyle Morales,Kevin Hensley,Damon Peterson,Mark Perry,Vasile Tomescu,Peter Steiger,Sean Taylor,Jeffery Williams,James Jennings,Adam Milmo,Andreas Müller,Mark Estrada,Andrew Collins,Luke Clark,Anders Thomsen,Jesse West,Ryan Hubbard,Anders Myklebust,Austin Love,Thomas Rogers,Simon Wilson,Zachary Patel,Travis Callahan,Craig Smith,Nathan Banks,Charles Kennedy,Michael Johnson,Darius Grimes,Craig Jackson,Christian Leblanc,Wesley Cole,Jozsef Horváth,Tyler Maughan,Anthony Gaines,Russell Warner,Jason Clark,Julian Forster,Timothy Hamilton,Christian Henry,William Ortega,Krzysztof Kaszkowiak,James Dennis,Steven Keller,Thomas Jähn,Brandon Keith,Mark Walker,Mikael Ekholm,Christian Henry,William Salas,Tomas Brožová,Chad Jones,Jose Lucero,Samuel Gates,Callum Davison,Wolfgang Marte,Brandon Silva,Constantin Stănescu,Hans Fankhauser,Constantin Albu,Randall Miller,Anthony Reid,Terence Heaney,Huseyin Şensoy,Kevin Kent,Michael Gordon,Patrick Schmitz,Alexander Campbell,David Ruiz,Manuel Manning,Josh Boyce,Francisco Guajardo,Karoly Molnár,Duncan Wood,Bjorn Kjóisdóttir,Jeffrey Hudson,Constantin Nemeș,Daniel Whitaker,Harry Miles,Peteris Vanaga,John Case,Derrick Robinson,Trevor Booker,Carlos Smith,James Baker,Brandon Baker,Michael Crawford,Juan Gaytán,Thomas Ward,Philip Hall,Adam Williams,Ethan Cox,Daniel Rios,Gheorghe Dumitrescu,Timo Varis,Pekka Hyvärinen,Christopher Dudley,Martin Simmons,Pavel Čermák,Nicholas Hess,Jeremy Freeman,David Morris,Kevin Roberts,Dillon Stanley,Gordon Perkins,Hunter Sawyer,Kaur Tamm,Diogo Freitas,Patrick Bennett,Joe Heath,Andre Bright,Dennis Lyons,Aaron Doyle,Andrew Walker,David Thomas,Christopher Ward,Leslie Moore,Aidan Reardon,Michael Sutton,David Munoz,Randy Diaz,Antanas Žukauskas,William Foster,Luis Arranz,Adam Franco,David Jones,Ross Matthews,Klaus Sidler,Roberto Muñoz,Ahmad Yuniar,Elliot Holmes,Elliott Phillips,Leonard Cartwright,Joe Tapia,Darrell Baker,Conan Rabbitte,Mustafa Şama,David Johnston,Scott Young,Billy Williams,Peter Holzapfel,Anthony Nguyen,Adrian Griffin,Charles Leonard,Jeffrey Bell,David Cooley,Mark Williams
6_23,Standard Invitational #11,Standard Invitational #11,Luis Arranz,Kevin Hensley,Jason Clark,Ryan Hubbard,David Munoz,Diogo Freitas,Karoly Molnár,Sean Taylor,Darius Grimes,Travis Callahan,Patrick Schmitz,Constantin Albu,Daniel Rios,Adam Milmo,James Jennings,Aidan Reardon,David Morris,Randall Miller,Leslie Moore,Terence Heaney,Wolfgang Marte,Elliot Holmes,Charles Leonard,Craig Jackson,Dillon Stanley,Jesse West,Elliott Phillips,Milan Paľovčík,Pavel Čermák,Brandon Silva,Hans Fankhauser,Damon Peterson,Billy Williams,Jeffery Williams,Timothy Hamilton,Mark Estrada,Zachary Patel,Kevin Roberts,Michael Gordon,Joe Heath,Mikael Ekholm,Conor Lee,Joe Tapia,Christian Henry,Duncan Wood,Kyle Morales,Philip Hall,Andrew Walker,Brandon Keith,Krzysztof Kaszkowiak,Simon Wilson,Kevin Kent,Darrell Baker,William Ortega,Bjorn Kjóisdóttir,Alexander Campbell,Callum Davison,Vasile Tomescu,Michael Davis,Peter Holzapfel,Chad Jones,Josh Boyce,Conan Rabbitte,Michael Johnson,Adam Franco,Christian Leblanc,Tyler Maughan,Manuel Manning,Daniel Whitaker,Andreas Müller,Jose Lucero,Michael Crawford,Adam Williams,Carlos Smith,Thomas Ward,Andrew Collins,Thomas Jähn,Russell Warner,Patrick Bennett,Martin Simmons,Samuel Gates,Craig Smith,Christopher Ward,Mark Perry,Gheorghe Dumitrescu,Brandon Baker,James Dennis,Derrick Robinson,Aaron Doyle,David Cooley,Kaur Tamm,David Ruiz,Dennis Lyons,Austin Love,Christopher Dudley,Tomas Brožová,Christian Henry,Scott Young,David Thomas,James Baker,Constantin Nemeș,Anthony Reid,Huseyin Şensoy,Anders Thomsen,Constantin Stănescu,Julian Forster,Charles Kennedy,William Salas,Leonard Cartwright,Anders Myklebust,Juan Gaytán,Ante Jerič,Klaus Sidler,Peter Steiger,Anthony Nguyen,Nicholas Hess,Jeremy Freeman,Steven Keller,Andre Bright,Ethan Cox,Harry Miles,Hunter Sawyer,Adrian Griffin,David Jones,Timo Varis,Luke Clark,Mark Walker,Trevor Booker,David Johnston,Antanas Žukauskas,Nathan Banks,Anthony Gaines,Mark Williams,Thomas Rogers,Michael Sutton,Jozsef Horváth,Wesley Cole,Francisco Guajardo,Ross Matthews,Pekka Hyvärinen,William Foster,John Case,Jeffrey Hudson,Jeffrey Bell,Ahmad Yuniar,Peteris Vanaga,Mustafa Şama,Gordon Perkins,Roberto Muñoz,Randy Diaz
6_24,Standard Event #24,Standard Event #24,Jesse West,Juan Gaytán,Anthony Gaines,David Ruiz,Russell Warner,Francisco Guajardo,James Jennings,Dennis Lyons,Darius Grimes,Kevin Kent,Duncan Wood,Damon Peterson,Anthony Nguyen,Randall Miller,Milan Paľovčík,Billy Williams,Joe Heath,Elliot Holmes,Michael Johnson,Darrell Baker,Michael Crawford,Charles Kennedy,Harry Miles,Anders Thomsen,Karoly Molnár,Simon Wilson,Thomas Rogers,Luis Arranz,Mark Perry,Elliott Phillips,David Morris,Nathan Banks,Christian Henry,Jeffery Williams,Conor Lee,Andreas Müller,Dillon Stanley,Timo Varis,Trevor Booker,Leslie Moore,Kyle Morales,Christopher Ward,Kevin Hensley,Bjorn Kjóisdóttir,Derrick Robinson,Mark Estrada,Brandon Baker,Ethan Cox,Adam Williams,Michael Davis,Steven Keller,Adam Franco,Patrick Bennett,Charles Leonard,John Case,Carlos Smith,Luke Clark,Scott Young,Thomas Jähn,Peter Steiger,Jeffrey Hudson,Sean Taylor,Wolfgang Marte,Anthony Reid,James Baker,Christian Leblanc,Julian Forster,Antanas Žukauskas,Pekka Hyvärinen,Adam Milmo,Callum Davison,Brandon Silva,David Thomas,Andrew Collins,Tomas Brožová,Tyler Maughan,Chad Jones,Mark Walker,Zachary Patel,Craig Smith,Terence Heaney,Diogo Freitas,Patrick Schmitz,Manuel Manning,David Munoz,Andre Bright,Constantin Stănescu,Philip Hall,Samuel Gates,David Jones,Jason Clark,Peteris Vanaga,Craig Jackson,Aidan Reardon,Daniel Rios,Constantin Albu,Klaus Sidler,Constantin Nemeș,Jozsef Horváth,David Cooley,Martin Simmons,Vasile Tomescu,Daniel Whitaker,Andrew Walker,James Dennis,Jose Lucero,Alexander Campbell,Kaur Tamm,Gordon Perkins,Ryan Hubbard,Kevin Roberts,Anders Myklebust,Ante Jerič,Hans Fankhauser,Austin Love,David Johnston,William Ortega,Travis Callahan,Josh Boyce,Mikael Ekholm,Ahmad Yuniar,Huseyin Şensoy,Aaron Doyle,Gheorghe Dumitrescu,Roberto Muñoz,Christopher Dudley,Jeremy Freeman,Michael Gordon,Leonard Cartwright,Krzysztof Kaszkowiak,William Foster,William Salas,Pavel Čermák,Ross Matthews,Michael Sutton,Timothy Hamilton,Christian Henry,Jeffrey Bell,Peter Holzapfel,Brandon Keith,Adrian Griffin,Wesley Cole,Randy Diaz,Joe Tapia,Mustafa Şama,Thomas Ward,Hunter Sawyer,Mark Williams,Conan Rabbitte,Nicholas Hess
6_25,Standard Invitational #12,Standard Invitational #12,Patrick Schmitz,Jeffery Williams,Patrick Bennett,Kevin Hensley,Jesse West,Callum Davison,Duncan Wood,Damon Peterson,Michael Gordon,Darius Grimes,Aidan Reardon,Anders Thomsen,Pavel Čermák,Tyler Maughan,Bjorn Kjóisdóttir,Jason Clark,Tomas Brožová,Adam Franco,Andre Bright,Kevin Kent,Chad Jones,Martin Simmons,Trevor Booker,Manuel Manning,Thomas Rogers,William Ortega,Brandon Baker,Christian Henry,Milan Paľovčík,Kyle Morales,Constantin Stănescu,Francisco Guajardo,Juan Gaytán,Anthony Reid,Randall Miller,Daniel Whitaker,Aaron Doyle,Travis Callahan,Leonard Cartwright,Mark Perry,Billy Williams,Michael Davis,David Ruiz,James Dennis,Brandon Silva,Elliott Phillips,David Morris,Vasile Tomescu,Craig Smith,Jose Lucero,David Munoz,Constantin Nemeș,Elliot Holmes,Karoly Molnár,Peteris Vanaga,Andreas Müller,Russell Warner,Nathan Banks,Scott Young,Wesley Cole,John Case,Christopher Dudley,Jozsef Horváth,Huseyin Şensoy,Mark Walker,Terence Heaney,Jeffrey Bell,Conor Lee,Peter Steiger,Dennis Lyons,Kaur Tamm,Zachary Patel,Anthony Gaines,Sean Taylor,Constantin Albu,Christopher Ward,Kevin Roberts,Michael Sutton,Adam Milmo,Steven Keller,Charles Leonard,Mark Estrada,William Foster,Ross Matthews,Darrell Baker,Ryan Hubbard,James Jennings,Josh Boyce,Antanas Žukauskas,Simon Wilson,Jeremy Freeman,Gheorghe Dumitrescu,Luke Clark,Andrew Collins,Daniel Rios,Klaus Sidler,Christian Leblanc,Christian Henry,William Salas,Harry Miles,Adrian Griffin,Michael Crawford,Joe Tapia,Charles Kennedy,Timothy Hamilton,Hunter Sawyer,Thomas Jähn,Mustafa Şama,Diogo Freitas,Carlos Smith,Timo Varis,Derrick Robinson,Nicholas Hess,Jeffrey Hudson,Dillon Stanley,David Jones,Leslie Moore,Ethan Cox,Philip Hall,Samuel Gates,Gordon Perkins,Alexander Campbell,Brandon Keith,Adam Williams,Luis Arranz,Austin Love,Michael Johnson,Hans Fankhauser,Andrew Walker,Ante Jerič,Joe Heath,Roberto Muñoz,Krzysztof Kaszkowiak,Anthony Nguyen,Conan Rabbitte,Mikael Ekholm,Julian Forster,James Baker,David Thomas,Peter Holzapfel,Craig Jackson,Thomas Ward,Anders Myklebust,David Johnston,Randy Diaz,Mark Williams,Ahmad Yuniar,Pekka Hyvärinen,David Cooley,Wolfgang Marte
6_26,Major #3,American Open,Luis Arranz,Travis Callahan,Patrick Schmitz,Zachary Patel,Jose Lucero,Leslie Moore,David Munoz,Jesse West,Jozsef Horváth,Juan Gaytán,Gheorghe Dumitrescu,Francisco Guajardo,Elliott Phillips,Joe Heath,Kevin Hensley,Diogo Freitas,Kevin Kent,Ryan Hubbard,Peter Steiger,Karoly Molnár,Mark Estrada,Philip Hall,Krzysztof Kaszkowiak,Anthony Gaines,Dennis Lyons,Daniel Whitaker,James Dennis,Steven Keller,Michael Gordon,Conor Lee,Kevin Roberts,Michael Johnson,Pavel Čermák,Nathan Banks,Anders Thomsen,Brandon Baker,Brandon Silva,Darrell Baker,Jeremy Freeman,Billy Williams,Luke Clark,Thomas Jähn,Christopher Dudley,Kyle Morales,Timothy Hamilton,Mikael Ekholm,Scott Young,Aaron Doyle,Vasile Tomescu,Christian Henry,Brandon Keith,Alexander Campbell,Terence Heaney,Sean Taylor,Andrew Walker,David Ruiz,Kaur Tamm,Gordon Perkins,Antanas Žukauskas,Tomas Brožová,Timo Varis,Constantin Stănescu,Russell Warner,Christian Leblanc,Aidan Reardon,Christopher Ward,Constantin Albu,Tyler Maughan,Hans Fankhauser,Austin Love,Huseyin Şensoy,Ante Jerič,Christian Henry,Adam Williams,Anthony Nguyen,Jeffery Williams,Derrick Robinson,Manuel Manning,Callum Davison,Hunter Sawyer,Peteris Vanaga,James Baker,Charles Leonard,Leonard Cartwright,Wesley Cole,William Ortega,Pekka Hyvärinen,Harry Miles,David Morris,James Jennings,William Salas,Patrick Bennett,Damon Peterson,Chad Jones,Craig Smith,Randall Miller,Martin Simmons,David Cooley,Thomas Rogers,David Johnston,Carlos Smith,Milan Paľovčík,Elliot Holmes,Jeffrey Bell,Adam Milmo,Andrew Collins,Craig Jackson,Daniel Rios,Wolfgang Marte,Anthony Reid,Anders Myklebust,David Thomas,William Foster,Jason Clark,Ross Matthews,Randy Diaz,Charles Kennedy,Mark Walker,Darius Grimes,Duncan Wood,Joe Tapia,Bjorn Kjóisdóttir,John Case,Andre Bright,Klaus Sidler,Adam Franco,Michael Crawford,Mark Perry,Simon Wilson,Jeffrey Hudson,Trevor Booker,Ethan Cox,Michael Davis,Mustafa Şama,Ahmad Yuniar,Peter Holzapfel,Dillon Stanley,David Jones,Michael Sutton,Samuel Gates,Thomas Ward,Josh Boyce,Nicholas Hess,Julian Forster,Conan Rabbitte,Mark Williams,Adrian Griffin,Constantin Nemeș,Andreas Müller,Roberto Muñoz
6_27,Standard Invitational #13,Standard Invitational #13,Patrick Schmitz,Constantin Albu,Christopher Ward,Callum Davison,Christian Henry,Juan Gaytán,Daniel Rios,Karoly Molnár,Darius Grimes,Elliott Phillips,David Ruiz,Steven Keller,Francisco Guajardo,Austin Love,Luis Arranz,Jeffery Williams,Christian Henry,Craig Jackson,Leslie Moore,Ryan Hubbard,James Jennings,Daniel Whitaker,James Baker,Anders Thomsen,Krzysztof Kaszkowiak,Damon Peterson,Kevin Roberts,Ante Jerič,Zachary Patel,Anthony Gaines,Manuel Manning,Timothy Hamilton,Michael Davis,David Morris,Diogo Freitas,Bjorn Kjóisdóttir,Leonard Cartwright,Randall Miller,Elliot Holmes,Julian Forster,David Munoz,Hans Fankhauser,Nathan Banks,Travis Callahan,Jason Clark,Tyler Maughan,Charles Kennedy,Milan Paľovčík,Samuel Gates,Wolfgang Marte,Josh Boyce,Michael Gordon,David Johnston,Adam Williams,Anthony Reid,Luke Clark,Sean Taylor,Thomas Rogers,Andrew Walker,Conor Lee,Mark Estrada,Timo Varis,Dillon Stanley,Jeffrey Bell,Aidan Reardon,Brandon Keith,Peter Steiger,Kaur Tamm,Christian Leblanc,Michael Crawford,Ethan Cox,Andre Bright,David Jones,Kyle Morales,William Ortega,David Thomas,Peteris Vanaga,Constantin Nemeș,Brandon Baker,Pavel Čermák,Jesse West,Brandon Silva,James Dennis,Billy Williams,Jose Lucero,Huseyin Şensoy,Adam Milmo,Gheorghe Dumitrescu,Chad Jones,Carlos Smith,Russell Warner,Michael Johnson,Martin Simmons,Mark Walker,Jeffrey Hudson,Christopher Dudley,Kevin Kent,Philip Hall,Aaron Doyle,Mikael Ekholm,Pekka Hyvärinen,Duncan Wood,Joe Heath,Mark Perry,Ross Matthews,Harry Miles,Darrell Baker,William Foster,Simon Wilson,Patrick Bennett,Andrew Collins,Kevin Hensley,Nicholas Hess,Jozsef Horváth,Conan Rabbitte,Hunter Sawyer,Mustafa Şama,Adam Franco,Trevor Booker,Adrian Griffin,Joe Tapia,Craig Smith,Derrick Robinson,Anthony Nguyen,Vasile Tomescu,Jeremy Freeman,Alexander Campbell,Gordon Perkins,Mark Williams,Tomas Brožová,Dennis Lyons,Charles Leonard,Andreas Müller,Ahmad Yuniar,Thomas Jähn,John Case,Randy Diaz,Thomas Ward,Wesley Cole,Constantin Stănescu,Antanas Žukauskas,Terence Heaney,Klaus Sidler,David Cooley,William Salas,Anders Myklebust,Peter Holzapfel,Michael Sutton,Scott Young,Roberto Muñoz
6_28,Standard Event #28,Standard Event #28,Darius Grimes,Duncan Wood,Anthony Gaines,James Jennings,Patrick Schmitz,David Morris,Antanas Žukauskas,Austin Love,Ryan Hubbard,Tomas Brožová,Luis Arranz,Christian Henry,Sean Taylor,David Johnston,John Case,Terence Heaney,Trevor Booker,Russell Warner,Kevin Kent,Kyle Morales,Dillon Stanley,Juan Gaytán,Nathan Banks,Mark Estrada,James Dennis,Joe Tapia,Billy Williams,Brandon Baker,Charles Leonard,Christopher Dudley,Adam Franco,Francisco Guajardo,Kevin Hensley,Tyler Maughan,Mikael Ekholm,Jose Lucero,Ahmad Yuniar,Randall Miller,David Jones,Hans Fankhauser,Jason Clark,Kevin Roberts,James Baker,Simon Wilson,Luke Clark,Christian Leblanc,Diogo Freitas,Aaron Doyle,Travis Callahan,Damon Peterson,Aidan Reardon,Klaus Sidler,Joe Heath,Jesse West,Michael Sutton,Bjorn Kjóisdóttir,Thomas Rogers,Thomas Ward,Callum Davison,Philip Hall,Constantin Stănescu,Charles Kennedy,Wesley Cole,Andrew Collins,Zachary Patel,Samuel Gates,Michael Gordon,Michael Johnson,Craig Jackson,Mark Perry,Josh Boyce,Daniel Whitaker,Anders Thomsen,Manuel Manning,Derrick Robinson,Jeffery Williams,Alexander Campbell,Huseyin Şensoy,Gheorghe Dumitrescu,Peter Holzapfel,Karoly Molnár,Conor Lee,Krzysztof Kaszkowiak,Patrick Bennett,Christian Henry,Michael Davis,Vasile Tomescu,Wolfgang Marte,David Thomas,William Ortega,Andrew Walker,Anthony Nguyen,Chad Jones,Jeffrey Hudson,Jozsef Horváth,Peter Steiger,Jeremy Freeman,David Ruiz,Milan Paľovčík,Kaur Tamm,Michael Crawford,Steven Keller,Martin Simmons,William Foster,Thomas Jähn,Andreas Müller,Darrell Baker,Harry Miles,Ethan Cox,Andre Bright,Timo Varis,David Munoz,Leslie Moore,Adam Williams,Pekka Hyvärinen,Dennis Lyons,Mark Williams,Randy Diaz,Pavel Čermák,Roberto Muñoz,Craig Smith,Constantin Albu,Anthony Reid,Ante Jerič,Adam Milmo,Elliott Phillips,Carlos Smith,Elliot Holmes,William Salas,Mustafa Şama,Timothy Hamilton,Brandon Keith,Hunter Sawyer,Peteris Vanaga,Scott Young,Adrian Griffin,Daniel Rios,Nicholas Hess,Mark Walker,Julian Forster,Conan Rabbitte,Christopher Ward,Anders Myklebust,Leonard Cartwright,Jeffrey Bell,Brandon Silva,Gordon Perkins,Constantin Nemeș,Ross Matthews,David Cooley
6_29,Standard Invitational #14,Standard Invitational #14,Sean Taylor,Derrick Robinson,Ethan Cox,Pavel Čermák,Simon Wilson,Aaron Doyle,Darrell Baker,Anthony Reid,Damon Peterson,Michael Davis,Zachary Patel,James Jennings,Brandon Keith,Constantin Nemeș,Leslie Moore,Constantin Albu,Chad Jones,Patrick Schmitz,Tyler Maughan,Philip Hall,Diogo Freitas,David Ruiz,Kyle Morales,John Case,Alexander Campbell,Jose Lucero,Adam Franco,Manuel Manning,Travis Callahan,Terence Heaney,Mark Estrada,Peter Steiger,Randall Miller,Gheorghe Dumitrescu,Jeffery Williams,Gordon Perkins,Elliot Holmes,Hans Fankhauser,Patrick Bennett,Francisco Guajardo,Joe Heath,Brandon Baker,Kevin Hensley,Timothy Hamilton,Christian Henry,Jeremy Freeman,Ante Jerič,Jesse West,Brandon Silva,Jozsef Horváth,Christian Leblanc,Conor Lee,Steven Keller,Aidan Reardon,Milan Paľovčík,William Ortega,Pekka Hyvärinen,Callum Davison,Huseyin Şensoy,Hunter Sawyer,Nathan Banks,Duncan Wood,Michael Sutton,Mikael Ekholm,Craig Jackson,Dillon Stanley,Anthony Nguyen,Constantin Stănescu,Daniel Rios,David Munoz,Thomas Ward,Jason Clark,Tomas Brožová,Michael Johnson,Juan Gaytán,Timo Varis,Russell Warner,James Dennis,Anders Thomsen,Wesley Cole,Adam Williams,Josh Boyce,Kaur Tamm,Antanas Žukauskas,James Baker,Ryan Hubbard,Charles Leonard,Luke Clark,Peter Holzapfel,David Jones,Daniel Whitaker,Scott Young,Adam Milmo,Austin Love,Dennis Lyons,Jeffrey Hudson,Christian Henry,Andrew Collins,Luis Arranz,Leonard Cartwright,Thomas Rogers,Andrew Walker,Martin Simmons,Krzysztof Kaszkowiak,Andreas Müller,Randy Diaz,Elliott Phillips,Christopher Ward,Harry Miles,Bjorn Kjóisdóttir,Vasile Tomescu,Ahmad Yuniar,Darius Grimes,David Johnston,David Thomas,Carlos Smith,Christopher Dudley,Samuel Gates,Michael Crawford,David Morris,Trevor Booker,Karoly Molnár,Klaus Sidler,William Salas,Michael Gordon,Anthony Gaines,Mark Perry,Charles Kennedy,Kevin Kent,Joe Tapia,Mark Williams,Peteris Vanaga,Craig Smith,Ross Matthews,William Foster,Kevin Roberts,Julian Forster,Thomas Jähn,Conan Rabbitte,David Cooley,Billy Williams,Nicholas Hess,Adrian Griffin,Mustafa Şama,Anders Myklebust,Wolfgang Marte,Mark Walker,Andre Bright,Jeffrey Bell,Roberto Muñoz
6_30,Standard Event #30,Standard Event #30,Mark Estrada,Bjorn Kjóisdóttir,Leslie Moore,Zachary Patel,David Thomas,Christian Henry,Patrick Bennett,Gheorghe Dumitrescu,Trevor Booker,Timothy Hamilton,Elliott Phillips,Tomas Brožová,Luis Arranz,Anthony Gaines,William Ortega,Ethan Cox,Carlos Smith,Martin Simmons,Duncan Wood,Diogo Freitas,Alexander Campbell,Damon Peterson,Samuel Gates,Elliot Holmes,Klaus Sidler,Darrell Baker,Peter Steiger,Ryan Hubbard,Scott Young,Billy Williams,Andrew Collins,Michael Davis,David Cooley,Derrick Robinson,Austin Love,Aidan Reardon,Michael Johnson,Daniel Whitaker,Christopher Ward,John Case,Kyle Morales,Michael Crawford,Russell Warner,Kevin Kent,Conor Lee,Joe Heath,David Munoz,Michael Gordon,Sean Taylor,Pekka Hyvärinen,Jeremy Freeman,Craig Jackson,Adam Franco,Daniel Rios,Leonard Cartwright,Manuel Manning,Nathan Banks,Kevin Hensley,Jeffery Williams,Timo Varis,Jose Lucero,Callum Davison,Constantin Albu,David Jones,Vasile Tomescu,Steven Keller,Jeffrey Bell,Christopher Dudley,Tyler Maughan,Mark Perry,Travis Callahan,Julian Forster,Karoly Molnár,James Baker,Aaron Doyle,Francisco Guajardo,Michael Sutton,Jeffrey Hudson,Pavel Čermák,Mikael Ekholm,Adam Milmo,Ahmad Yuniar,Jozsef Horváth,Craig Smith,William Salas,Constantin Stănescu,Christian Leblanc,Milan Paľovčík,Dennis Lyons,Terence Heaney,Krzysztof Kaszkowiak,Thomas Rogers,Adam Williams,Kaur Tamm,Thomas Jähn,David Morris,Randall Miller,Jesse West,Anders Thomsen,Charles Kennedy,Andreas Müller,Brandon Baker,Ante Jerič,Adrian Griffin,Charles Leonard,Brandon Keith,Philip Hall,Darius Grimes,David Johnston,Ross Matthews,Patrick Schmitz,Luke Clark,Christian Henry,Josh Boyce,James Jennings,James Dennis,Hunter Sawyer,Anthony Reid,Simon Wilson,Thomas Ward,Andre Bright,Brandon Silva,Antanas Žukauskas,Dillon Stanley,Chad Jones,Huseyin Şensoy,Jason Clark,Juan Gaytán,Andrew Walker,Peteris Vanaga,Conan Rabbitte,Harry Miles,Constantin Nemeș,Wesley Cole,David Ruiz,Kevin Roberts,Hans Fankhauser,Joe Tapia,Mustafa Şama,Wolfgang Marte,Peter Holzapfel,Nicholas Hess,Anders Myklebust,Mark Walker,Gordon Perkins,William Foster,Randy Diaz,Anthony Nguyen,Roberto Muñoz,Mark Williams
6_31,Major #4,Royal Open,Brandon Baker,William Ortega,Christopher Dudley,Karoly Molnár,James Jennings,Russell Warner,Mark Estrada,Martin Simmons,Luke Clark,Aaron Doyle,Timo Varis,Klaus Sidler,Anders Thomsen,Patrick Schmitz,Randall Miller,Vasile Tomescu,David Johnston,Philip Hall,Adam Franco,Ante Jerič,Jason Clark,Anthony Reid,Craig Jackson,Jose Lucero,Elliot Holmes,Diogo Freitas,Kyle Morales,Michael Johnson,Derrick Robinson,Dennis Lyons,Manuel Manning,Travis Callahan,Conor Lee,Wolfgang Marte,Luis Arranz,Jozsef Horváth,Sean Taylor,Mikael Ekholm,Christian Henry,Peter Steiger,Aidan Reardon,Trevor Booker,Milan Paľovčík,Alexander Campbell,Scott Young,Julian Forster,Simon Wilson,Andreas Müller,David Thomas,Ross Matthews,Tyler Maughan,David Jones,Adam Williams,David Ruiz,Kaur Tamm,Carlos Smith,Juan Gaytán,William Salas,Mark Perry,Austin Love,Adam Milmo,Zachary Patel,Andrew Collins,Michael Crawford,Callum Davison,Christopher Ward,Constantin Stănescu,Samuel Gates,Brandon Silva,Gordon Perkins,Charles Leonard,Joe Heath,Jeffery Williams,Billy Williams,Krzysztof Kaszkowiak,Michael Gordon,Antanas Žukauskas,Steven Keller,Daniel Whitaker,John Case,Bjorn Kjóisdóttir,Craig Smith,James Baker,Jeffrey Hudson,Kevin Roberts,Joe Tapia,Nicholas Hess,Kevin Hensley,Terence Heaney,Kevin Kent,Mark Walker,Tomas Brožová,Peter Holzapfel,Thomas Rogers,Anders Myklebust,Ahmad Yuniar,Anthony Gaines,Darius Grimes,Constantin Nemeș,Wesley Cole,Jeffrey Bell,David Munoz,Michael Davis,Ryan Hubbard,Thomas Ward,Mustafa Şama,Pavel Čermák,Christian Leblanc,Anthony Nguyen,Constantin Albu,Damon Peterson,Andre Bright,Ethan Cox,Gheorghe Dumitrescu,Chad Jones,David Morris,Christian Henry,Elliott Phillips,Randy Diaz,Patrick Bennett,Daniel Rios,Hunter Sawyer,Francisco Guajardo,Leslie Moore,Jesse West,Jeremy Freeman,Nathan Banks,Thomas Jähn,Brandon Keith,Charles Kennedy,Pekka Hyvärinen,Harry Miles,Leonard Cartwright,Duncan Wood,James Dennis,Timothy Hamilton,Josh Boyce,David Cooley,Hans Fankhauser,Conan Rabbitte,William Foster,Adrian Griffin,Darrell Baker,Dillon Stanley,Roberto Muñoz,Peteris Vanaga,Michael Sutton,Mark Williams,Huseyin Şensoy,Andrew Walker
6_32,Standard Event #32,Standard Event #32,Constantin Albu,Vasile Tomescu,Pavel Čermák,Kevin Kent,Ryan Hubbard,Karoly Molnár,Conor Lee,Mark Estrada,Adam Franco,Ethan Cox,Derrick Robinson,Anders Thomsen,Adam Williams,Jeffery Williams,Luis Arranz,Christian Leblanc,Craig Smith,Travis Callahan,Martin Simmons,Joe Tapia,Kevin Hensley,Harry Miles,Christian Henry,Callum Davison,Nathan Banks,Patrick Schmitz,Diogo Freitas,Christopher Ward,Kyle Morales,Constantin Stănescu,Russell Warner,Andrew Walker,Peter Steiger,Daniel Rios,Brandon Baker,Daniel Whitaker,Darrell Baker,Joe Heath,Elliott Phillips,Randall Miller,Charles Leonard,Patrick Bennett,James Jennings,Chad Jones,James Dennis,Jesse West,Scott Young,Mark Perry,Alexander Campbell,Andrew Collins,Wolfgang Marte,Philip Hall,Michael Crawford,David Munoz,James Baker,Dennis Lyons,Aaron Doyle,Josh Boyce,Jeremy Freeman,Carlos Smith,Huseyin Şensoy,Michael Johnson,Pekka Hyvärinen,Billy Williams,Terence Heaney,Anders Myklebust,Andre Bright,Anthony Nguyen,Christopher Dudley,Jeffrey Bell,Juan Gaytán,Zachary Patel,Leslie Moore,Bjorn Kjóisdóttir,Darius Grimes,Milan Paľovčík,David Morris,John Case,William Ortega,Sean Taylor,Kevin Roberts,Jason Clark,Brandon Silva,Tyler Maughan,Austin Love,Jozsef Horváth,David Johnston,Kaur Tamm,Roberto Muñoz,Charles Kennedy,Jose Lucero,Elliot Holmes,Michael Gordon,Craig Jackson,Anthony Reid,Ante Jerič,Timo Varis,Adam Milmo,Duncan Wood,Anthony Gaines,Aidan Reardon,Michael Davis,Manuel Manning,Simon Wilson,Ahmad Yuniar,Andreas Müller,Brandon Keith,Tomas Brožová,Hunter Sawyer,Gheorghe Dumitrescu,Klaus Sidler,Steven Keller,Hans Fankhauser,Peteris Vanaga,Mark Williams,David Cooley,Damon Peterson,Mikael Ekholm,Gordon Perkins,David Thomas,Thomas Jähn,Francisco Guajardo,Dillon Stanley,David Ruiz,Constantin Nemeș,William Salas,Krzysztof Kaszkowiak,William Foster,Antanas Žukauskas,Trevor Booker,Christian Henry,Wesley Cole,Luke Clark,Timothy Hamilton,Thomas Ward,Julian Forster,Randy Diaz,Mark Walker,Nicholas Hess,Peter Holzapfel,Mustafa Şama,Samuel Gates,Thomas Rogers,Leonard Cartwright,David Jones,Michael Sutton,Jeffrey Hudson,Adrian Griffin,Ross Matthews,Conan Rabbitte
6_33,Standard Invitational #16,Standard Invitational #16,Michael Crawford,Peter Steiger,Sean Taylor,Manuel Manning,Anthony Reid,Kevin Hensley,Bjorn Kjóisdóttir,Kyle Morales,Jason Clark,Vasile Tomescu,Simon Wilson,Wolfgang Marte,Antanas Žukauskas,Billy Williams,Kevin Kent,Aidan Reardon,Josh Boyce,Christian Henry,Krzysztof Kaszkowiak,Patrick Schmitz,Jeremy Freeman,Francisco Guajardo,Christopher Ward,William Ortega,Timothy Hamilton,Craig Smith,James Dennis,Klaus Sidler,Huseyin Şensoy,Martin Simmons,Jeffery Williams,David Johnston,Adam Franco,Mark Estrada,Luis Arranz,David Ruiz,Daniel Whitaker,Callum Davison,Charles Leonard,Conor Lee,Thomas Rogers,Tyler Maughan,Duncan Wood,Daniel Rios,Steven Keller,Christian Leblanc,Constantin Albu,Jose Lucero,Darius Grimes,Mark Perry,Nathan Banks,Christian Henry,Kaur Tamm,Anders Thomsen,Russell Warner,Wesley Cole,Juan Gaytán,Dillon Stanley,Craig Jackson,David Thomas,Dennis Lyons,Andre Bright,Joe Tapia,Ante Jerič,Zachary Patel,David Morris,Tomas Brožová,Patrick Bennett,Timo Varis,Andrew Collins,Austin Love,James Baker,Michael Davis,Terence Heaney,Constantin Nemeș,Darrell Baker,Elliott Phillips,Pekka Hyvärinen,Leonard Cartwright,John Case,Milan Paľovčík,Jozsef Horváth,Karoly Molnár,Carlos Smith,Leslie Moore,Adrian Griffin,Michael Gordon,Michael Sutton,Travis Callahan,Randall Miller,Anthony Gaines,Ahmad Yuniar,Alexander Campbell,Brandon Baker,Trevor Booker,Diogo Freitas,Scott Young,Anders Myklebust,Mikael Ekholm,Gheorghe Dumitrescu,Charles Kennedy,Luke Clark,Peteris Vanaga,Harry Miles,Joe Heath,Samuel Gates,Aaron Doyle,Andreas Müller,Michael Johnson,Philip Hall,Derrick Robinson,Hunter Sawyer,Conan Rabbitte,Pavel Čermák,Brandon Silva,Ryan Hubbard,Adam Williams,Peter Holzapfel,Constantin Stănescu,Elliot Holmes,Andrew Walker,Gordon Perkins,Damon Peterson,Ethan Cox,Jesse West,James Jennings,Christopher Dudley,Ross Matthews,Adam Milmo,William Salas,Thomas Ward,Brandon Keith,David Jones,Kevin Roberts,David Munoz,Hans Fankhauser,Jeffrey Bell,Thomas Jähn,Chad Jones,Anthony Nguyen,Nicholas Hess,Randy Diaz,William Foster,David Cooley,Mustafa Şama,Mark Walker,Jeffrey Hudson,Julian Forster,Roberto Muñoz,Mark Williams
6_34,Standard Event #34,Standard Event #34,Zachary Patel,Harry Miles,Hans Fankhauser,Travis Callahan,Conor Lee,Adam Milmo,Jose Lucero,Callum Davison,Josh Boyce,David Thomas,Darrell Baker,Samuel Gates,Aidan Reardon,Mark Estrada,Russell Warner,William Ortega,Darius Grimes,Billy Williams,Adam Franco,Krzysztof Kaszkowiak,Timo Varis,Diogo Freitas,Randall Miller,Kevin Kent,Karoly Molnár,Chad Jones,Peter Holzapfel,Manuel Manning,Bjorn Kjóisdóttir,Patrick Schmitz,Mark Perry,Kevin Hensley,Michael Davis,Juan Gaytán,Christopher Ward,Julian Forster,John Case,Antanas Žukauskas,Jozsef Horváth,Aaron Doyle,Christopher Dudley,Milan Paľovčík,Elliott Phillips,James Baker,Alexander Campbell,Tomas Brožová,Pavel Čermák,Christian Henry,Jeremy Freeman,Charles Leonard,Trevor Booker,Constantin Stănescu,Michael Crawford,Mark Walker,Brandon Silva,Damon Peterson,Kaur Tamm,Christian Henry,Martin Simmons,Sean Taylor,Duncan Wood,Wolfgang Marte,Nathan Banks,Brandon Baker,Dillon Stanley,Adam Williams,Brandon Keith,Anthony Gaines,Michael Johnson,Austin Love,Elliot Holmes,Kyle Morales,Ryan Hubbard,Andreas Müller,Ethan Cox,Terence Heaney,Jeffrey Hudson,Charles Kennedy,Luis Arranz,Luke Clark,David Munoz,Joe Heath,Jesse West,Hunter Sawyer,William Salas,David Cooley,Michael Gordon,Timothy Hamilton,Dennis Lyons,Kevin Roberts,Vasile Tomescu,Leonard Cartwright,Daniel Rios,Tyler Maughan,Pekka Hyvärinen,Andre Bright,Gheorghe Dumitrescu,Anthony Nguyen,Steven Keller,Gordon Perkins,David Johnston,Klaus Sidler,Andrew Collins,Conan Rabbitte,Joe Tapia,Simon Wilson,Ross Matthews,Peter Steiger,Anders Thomsen,Adrian Griffin,Nicholas Hess,Francisco Guajardo,Scott Young,Jeffery Williams,Leslie Moore,Philip Hall,Patrick Bennett,Derrick Robinson,David Morris,Craig Smith,Mustafa Şama,Anders Myklebust,Anthony Reid,Peteris Vanaga,James Jennings,Jeffrey Bell,Ante Jerič,Andrew Walker,Constantin Nemeș,Mark Williams,Thomas Jähn,James Dennis,Jason Clark,Wesley Cole,Constantin Albu,David Jones,Thomas Rogers,Craig Jackson,Christian Leblanc,Mikael Ekholm,Thomas Ward,Randy Diaz,Huseyin Şensoy,Michael Sutton,David Ruiz,Ahmad Yuniar,Daniel Whitaker,Roberto Muñoz,Carlos Smith,William Foster
6_35,Signature Event #7,Signature Event #7,Leslie Moore,Michael Davis,Brandon Baker,Bjorn Kjóisdóttir,Ryan Hubbard,Darrell Baker,Mark Perry,Joe Heath,Kevin Kent,Darius Grimes,Adam Franco,Mark Estrada,David Munoz,Craig Jackson,Zachary Patel,Wesley Cole,Aidan Reardon,Simon Wilson,Jason Clark,Luke Clark,Josh Boyce,Karoly Molnár,Martin Simmons,Timo Varis,Samuel Gates,Tomas Brožová,Peter Holzapfel,Anders Thomsen,Patrick Schmitz,Aaron Doyle,Andreas Müller,Manuel Manning,Diogo Freitas,Tyler Maughan,Brandon Silva,Vasile Tomescu,Randall Miller,Anthony Gaines,Jesse West,Jose Lucero,Francisco Guajardo,Patrick Bennett,Hans Fankhauser,Dillon Stanley,Nathan Banks,Wolfgang Marte,Mikael Ekholm,Christopher Dudley,Carlos Smith,Pavel Čermák,Jeffery Williams,Chad Jones,Harry Miles,Jeffrey Hudson,Kyle Morales,Elliott Phillips,Daniel Whitaker,Craig Smith,Ahmad Yuniar,Andre Bright,Christian Henry,Juan Gaytán,William Ortega,Constantin Albu,Milan Paľovčík,David Cooley,Constantin Stănescu,Steven Keller,David Morris,Russell Warner,Peter Steiger,Gheorghe Dumitrescu,Timothy Hamilton,Alexander Campbell,Brandon Keith,Luis Arranz,Nicholas Hess,Randy Diaz,Daniel Rios,Duncan Wood,James Dennis,Adam Williams,Charles Kennedy,John Case,Krzysztof Kaszkowiak,Kaur Tamm,William Foster,Anthony Nguyen,Elliot Holmes,Christian Henry,Adam Milmo,Andrew Collins,Michael Gordon,Peteris Vanaga,Austin Love,Michael Sutton,David Jones,Derrick Robinson,Kevin Hensley,Christopher Ward,Jeremy Freeman,Dennis Lyons,Christian Leblanc,Travis Callahan,Jeffrey Bell,Jozsef Horváth,Thomas Ward,Charles Leonard,Joe Tapia,Thomas Rogers,Damon Peterson,Conor Lee,James Baker,Leonard Cartwright,Mustafa Şama,Ante Jerič,Michael Crawford,Ethan Cox,Philip Hall,Pekka Hyvärinen,William Salas,Andrew Walker,Scott Young,Antanas Žukauskas,Michael Johnson,Conan Rabbitte,David Ruiz,Trevor Booker,David Thomas,James Jennings,Klaus Sidler,Mark Walker,Billy Williams,Huseyin Şensoy,Roberto Muñoz,David Johnston,Anthony Reid,Hunter Sawyer,Callum Davison,Constantin Nemeș,Sean Taylor,Ross Matthews,Terence Heaney,Kevin Roberts,Julian Forster,Mark Williams,Thomas Jähn,Adrian Griffin,Gordon Perkins,Anders Myklebust
