season,1,2,3,4,5,6,7,8,9,10,11,12,13,14,15,16,17,18,19,20,21,22,23,24,25,26,27,28,29,30,31,32,33,34,35,36,37,38,39,40,41,42,43,44,45,46,47,48,49,50,51,52,53,54,55,56,57,58,59,60,61,62,63,64,65,66,67,68,69,70,71,72,73,74,75,76,77,78,79,80,81,82,83,84,85,86,87,88,89,90,91,92,93,94,95,96,97,98,99,100,101,102,103,104,105,106,107,108,109,110,111,112,113,114,115,116,117,118,119,120,121,122,123,124,125,126,127,128,129,130,131,132,133,134,135,136,137,138,139,140,141,142,143,144,145,146,147,148,149,150
1,Andrew Collins,Mark Estrada,Randall Miller,David Munoz,Jozsef Horváth,Patrick Schmitz,Karoly Molnár,Kaur Tamm,Darius Grimes,Billy Williams,Zachary Patel,Tomas Brožová,Elliott Phillips,Austin Love,Vasile Tomescu,Jesse West,Sean Taylor,Nicholas Taylor,Michael Johnson,Josh Boyce,Jeffery Williams,Cole Smith,Ethan Cox,Luis Arranz,Michael Davis,Dennis Lyons,Kyle Morales,Timothy Best,Diogo Freitas,Travis Callahan,Joe Heath,David Ruiz,James Dyer,Martin Simmons,Manuel Manning,Peter Heß,Francisco Guajardo,Steven Keller,Milan Paľovčík,Ferenc Kiss,Adam Franco,Kevin Roberts,Stephen Robinson,Timo Varis,David Johnston,Hans Otto,Gareth Saunders,James Frazier,Anthony Reid,Gary Jacobson,Jermaine Foster,Tony Allen,Ryan Hubbard,Harry Miles,Luke Clark,Jay Montoya,Jeremy Freeman,Charles Leonard,Widodo Ramadan,Adam Milmo,Nathan Banks,Daniel Wagner,Richard Wilkins,Michael Gordon,William Ortega,David Arreola,Tyler Maughan,Duncan Wood,Francois Lebon,Duane Wood,Jose Lucero,Francisco Silva,Mike Harris,Samuel Gates,Steven Acosta,Klaus Reindl,Timothy Hamilton,Damon Peterson,James Jennings,Dieter Mentzel,Michael Nash,Daniel Whitaker,Deaglan Brannelly,Anthony Evans,Craig Jackson,Aidan Reardon,Malcolm Chambers,Michael Crawford,Feargal Hanley,Michael Griffith,Ante Jerič,Erik Palmer,Mati Soosaar,Charles Wilson,David Kennedy,Francois Landry,Daniel Townsend,Callum Davison,Pedro Fuller,Ethan Mann,Antti Eklund,Tom Quinn,Zak Gilmore,Chris Roy,Ryan Duncan,Joseph Price,Roger Green,Charles Fox,Charles Forde,James Russell,Timothy Barrett,Michael James,Samuel Buchanan,Jay Kim,Wolfgang Speer,Joseph Hill,Samuel Smith,Jerry Harris,Michael Richardson,Lewis Faulkner,Budi Uyainah,Gareth Bradshaw,Sean Cobb,Gerard Wouters,Ray Stanley,Jean Perreault,Dennis Smith,Jonathan Gomez,Damian Norton,Dennis Brown,Matthew Thomas,Geoffrey Singh,John Lloyd,David Zamora,Jon Jackson,Stephen Miller,Magnus Bruun,Klaus Winter,David Young,Ryan Pacheco,Tony Holmes,Kristaps Pērkons,Blake Jones,Logan Patterson,Paul Cormican,Kazys Sakalauskas,Saul Maloney,Michael Jenkins,Nathaniel Roach,Andrew Newman
2,Kevin Kent,Constantin Albu,Patrick Schmitz,Leslie Moore,Darius Grimes,Luis Arranz,Kyle Morales,Elliott Phillips,Andrew Collins,Randall Miller,Mark Perry,Jeffery Williams,Chad Jones,Bjorn Kjóisdóttir,Aaron Doyle,Vasile Tomescu,Kaur Tamm,Ethan Cox,Jozsef Horváth,Tomas Brožová,Sean Taylor,Michael Davis,Terence Heaney,Luke Clark,Travis Callahan,Manuel Manning,Diogo Freitas,Thomas Rogers,Harry Miles,Adam Milmo,Jesse West,Aidan Reardon,James Dennis,Michael Gordon,Joe Heath,Christopher Dudley,Adam Franco,Dillon Stanley,Trevor Booker,Jeremy Freeman,Mark Estrada,Duncan Wood,Jose Lucero,Francisco Guajardo,Nicholas Taylor,Charles Leonard,William Ortega,David Ruiz,Ryan Hubbard,Martin Simmons,Samuel Gates,Peter Cook,Milan Paľovčík,Nathan Banks,Zachary Patel,Dennis Lyons,Edgars Turiņš,Kieran Day,Karoly Molnár,Erik Gonzalez,Casey Gutierrez,Michael Nash,Tomasz Cegła,Damon Peterson,Klaus Frühwirth,Craig Jackson,Luis Fuertes,Austin Love,Tyler Maughan,Timothy Hamilton,Frank Cole,Michael Johnson,Anthony Reid,Robert Lee,David Munoz,James Jennings,David Johnston,Deaglan Brannelly,Reuben Comber,Nuno Antunes,Widodo Ramadan,Timo Varis,Billy Williams,Callum Davison,Duane Wood,Andre White,Josh Boyce,Robert Jones,Malcolm Chambers,Logan Odonnell,Cole Smith,David Kennedy,Michael Crawford,Kevin Roberts,Gareth Saunders,Ante Jerič,Jonathan Thompson,Daniel Whitaker,Steven Keller,Dylan Edwards,James Dyer,Feargal Hanley,Klaus Reindl,Daniel Wagner,Michael Griffith,Erik Brandt,Ethan Mann,Tony Allen,Ferenc Kiss,Jay Montoya,Peter Heß,Jordan Powers,Stephen Robinson,Timothy Best,Mati Soosaar,Jermaine Foster,Charles Smith,Mike Harris,David Arreola,Gary Jacobson,Hans Otto,Dieter Mentzel,James Frazier,Charles Wilson,Marc Rodriguez,Steven Acosta,Francisco Silva,Richard Wilkins,Francois Lebon,Anthony Evans,Erik Palmer,Francois Landry,Geoffrey Miller,William Williams,Pedro Fuller,Gavin Potter,Dragan Orlić,Mark Hanson,Daniel Townsend,Raivo Rosin,Edwin Mercer,Roger Garner,Lewis Jones,Jonathan King,Peteris Krēsliņa,Timothy Kaiser,George Stokes,Blake West,Matthew Bond,Hans Rogge
3,Mark Estrada,Ethan Cox,Bjorn Kjóisdóttir,Travis Callahan,Karoly Molnár,Vasile Tomescu,Sean Taylor,Jesse West,William Ortega,Kevin Kent,Francisco Guajardo,Luke Clark,Constantin Albu,Harry Miles,Darius Grimes,Leslie Moore,Jose Lucero,Josh Boyce,Jeffery Williams,David Munoz,Austin Love,Aidan Reardon,Martin Simmons,Diogo Freitas,Aaron Doyle,Patrick Schmitz,Jeremy Freeman,David Kennedy,Mark Perry,Manuel Manning,Michael Davis,Charles Leonard,James Dennis,Adam Franco,Joe Heath,Chad Jones,Duncan Wood,Michael Johnson,Kaur Tamm,Frank Cole,Widodo Ramadan,Ryan Hubbard,Milan Paľovčík,Cole Smith,Michael Gordon,Anthony Reid,Billy Williams,Malcolm Chambers,Andrew Collins,Nathan Banks,Deaglan Brannelly,Luis Arranz,Daniel Whitaker,Randall Miller,Callum Davison,Nuno Antunes,Elliott Phillips,Kyle Morales,Christopher Dudley,Zachary Patel,Craig Jackson,Terence Heaney,Dennis Lyons,Adam Milmo,Robert Lee,Tomas Brožová,James Jennings,Timo Varis,Damon Peterson,Casey Gutierrez,Joseph Black,Robert Jones,Simon Wilson,Klaus Frühwirth,Craig Smith,Trevor Booker,Michael Crawford,Gareth Saunders,Jozsef Horváth,Tyler Maughan,Ante Jerič,Edgars Turiņš,Peter Cook,David Johnston,Steven Keller,Thomas Rogers,Kieran Day,Timothy Hamilton,Samuel Gates,David Ruiz,Kevin Roberts,Brandon Silva,Michael Wenger,Dillon Stanley,Nicholas Taylor,Andre White,Jonas Gailius,Jay Roberts,Erik Gonzalez,Tomasz Cegła,Duane Wood,Milan Krúpová,Jan Beeckman,Damian McGinty,Michael Nash,Luis Fuertes,Reuben Comber,Jonathan Thompson,Logan Odonnell,Kaur Lember,Jose Godoy,Satoshi Inoue,Bernard Godfrey,Allen Weiss,Eric Walters,Dylan Edwards,Walter Randolph,Carlos Pedrero,Jonathan Johnson,Jesse Daugherty,Jordan Evans,Brian Charles,Karl Svensson,Paul Flores,Michael Daniel,Michael Brooks,Piet Vanneste,Sean-Paul Hosey,Philippe Toussaint,Steven Montgomery,Philippe Cordier,Kenneth Miller,Kazuki Tanaka,Charles Mosley,Pierre Lebon,Jose Zimmerman,Paulo Souza,Hendro Kurniawan,Kazys Nausėda,Brian Martinez,Peter Schramm,Stephen Smith,Michael Silva,Kirk McDade,Adam Bryant,Dean Taylor,Drew Rangel,Robert Rodriguez,Thomas Black,Manfred Hahn
4,Jesse West,Mark Estrada,Kevin Kent,Constantin Albu,Randall Miller,Martin Simmons,Karoly Molnár,Travis Callahan,Christian Henry,Manuel Manning,Kaur Tamm,Pavel Čermák,Ryan Hubbard,Joe Heath,Michael Davis,Vasile Tomescu,Luis Arranz,Diogo Freitas,Jeffery Williams,Sean Taylor,Leslie Moore,William Ortega,Ethan Cox,Patrick Schmitz,Milan Paľovčík,Simon Wilson,Austin Love,Anthony Reid,Mark Perry,Francisco Guajardo,Michael Johnson,Adam Franco,Darius Grimes,Craig Smith,Aidan Reardon,Ruari Magee,Tyler Maughan,Bjorn Kjóisdóttir,Andrew Collins,Adam Milmo,Zachary Patel,Dennis Lyons,Joseph Black,Damon Peterson,Elliott Phillips,David Johnston,David Munoz,Adam Williams,Ante Jerič,Callum Davison,Jose Lucero,Josh Boyce,Chad Jones,Aaron Doyle,John Case,Harry Miles,James Jennings,Luke Clark,Duncan Wood,Daniel Whitaker,Kyle Morales,Charles Leonard,Darrell Baker,Jeremy Freeman,James Dennis,Anthony Gaines,Brian Bush,Daniel Brown,Thomas Rogers,Robert Lee,Trevor Booker,Gareth Saunders,Brandon Silva,Deaglan Brannelly,Peter Cook,Nuno Antunes,Craig Jackson,David Ruiz,Terence Heaney,Wolfgang Marte,Steven Keller,Juan Gaytán,Michael Crawford,Jason Clark,Timo Varis,Tomas Brožová,Samuel Gates,Michael Gordon,Frank Cole,Dillon Stanley,Alexander Campbell,Christopher Dudley,Jozsef Horváth,Kevin Roberts,Kevin Hensley,Christopher Ward,Billy Williams,Scott Young,Nathan Banks,Timothy Hamilton,Cole Smith,Nicholas Taylor,Michael Wenger,Joseph Hunt,Malcolm Chambers,David Kennedy,Widodo Ramadan,Jay Roberts,Edgars Turiņš,Klaus Frühwirth,Robert Jones,Michel Charlier,Jose Gonzales,Dennis Compton,Erik Gonzalez,Kieran Day,Jeffrey Fernandez,Tomasz Cegła,Jonas Gailius,Casey Gutierrez,Dieter Gieß,Marco Lopresti,Timothy Francis,Andre White,William Cruz,Michael Wall,Jeffrey Wilson,Mark Berry,Gerard Boer,Eric Hammond,Russell Collins,Daniel Doherty,George Cox,Keith Luna,Douglas Davis,David Velazquez,Mark Johnson,Christopher McLean,Nicolas Munoz,Robert Harris,Richard Ryan,Daniel Edwards,Jonas Kaupas,Petr Miklík,Ivan Jenko,Jesse Garza,Jaan Kasak,Terrence Buckley,Donald Baird,William Simmons
5,Conor Lee,Kevin Kent,Mark Estrada,Jesse West,Aidan Reardon,Manuel Manning,Pavel Čermák,Martin Simmons,Leslie Moore,Kyle Morales,Jeffery Williams,Patrick Schmitz,Travis Callahan,Zachary Patel,Diogo Freitas,Bjorn Kjóisdóttir,Karoly Molnár,Sean Taylor,Peter Steiger,Vasile Tomescu,Ryan Hubbard,Luis Arranz,Constantin Albu,Randall Miller,Adam Milmo,Joe Heath,William Ortega,Luke Clark,Ethan Cox,Francisco Guajardo,Michael Davis,James Jennings,Dennis Lyons,Kaur Tamm,Juan Gaytán,Kevin Hensley,Darius Grimes,Charles Leonard,Elliott Phillips,Josh Boyce,Andrew Collins,Russell Warner,Daniel Whitaker,James Dennis,Adam Franco,Billy Williams,Milan Paľovčík,Anthony Reid,Elliot Holmes,Tomas Brožová,Damon Peterson,Anders Thomsen,Christian Henry,Tyler Maughan,Mark Perry,Jozsef Horváth,Steven Keller,Aaron Doyle,Chad Jones,Jose Lucero,Brandon Baker,Jason Clark,Timo Varis,Jeremy Freeman,Adam Williams,Michael Johnson,Craig Jackson,Carlos Smith,Kevin Roberts,Nathan Banks,Darrell Baker,Krzysztof Kaszkowiak,Craig Smith,Simon Wilson,Michael Gordon,Austin Love,Michael Crawford,David Johnston,Timothy Hamilton,David Munoz,Samuel Gates,Christopher Dudley,David Ruiz,Terence Heaney,Callum Davison,Harry Miles,James Baker,Trevor Booker,Christopher Ward,Dillon Stanley,Brandon Silva,Anthony Gaines,Thomas Rogers,Wesley Cole,Duncan Wood,Ante Jerič,John Case,Alexander Campbell,Scott Young,Wolfgang Marte,Ruari Magee,Jacob Williams,Piet De Coninck,Joseph Black,Peter Sanders,Robert Lee,Deaglan Brannelly,Gareth Saunders,Nuno Antunes,Leonard Hamilton,Frank Cole,Gary Bryant,John Johnson,Gerard Cross,Peter Cook,Benjamin Taylor,Darren Jensen,Colm Summerville,Brian Bush,Cory Knight,Daniel Brown,Ashley Ahern,Reece Skinner,Piotr Stanisławek,Tim Smith,James Cooper,Travis Johnson,Daniel Smith,Jimmy Coleman,Ricardo Antunes,Christopher Huerta,Allan Turner,Roberto Henríquez,Damian Wright,Brian Buck,Magnus Hanssen,Manfred Neuschäfer,John Lopez,Clinton Warner,Tomas Tůmová,Dennis Bridges,Ronald Hughes,Graeme Miles,Brett Greenwood,Randy Macias,Henk Bruggeman,Pedro Rodrigues,Matthew Wilson,James Cain,Clifford Austin
6,Patrick Schmitz,Kevin Kent,Mark Estrada,Kyle Morales,Aidan Reardon,Jeffery Williams,Darius Grimes,Zachary Patel,Jesse West,Bjorn Kjóisdóttir,Christian Henry,Diogo Freitas,Karoly Molnár,Manuel Manning,Brandon Baker,Michael Davis,Conor Lee,Russell Warner,Travis Callahan,Leslie Moore,William Ortega,Adam Franco,Elliott Phillips,Pavel Čermák,Sean Taylor,Constantin Albu,Joe Heath,Anthony Reid,Peter Steiger,Kevin Hensley,Martin Simmons,Vasile Tomescu,Ryan Hubbard,Randall Miller,Anders Thomsen,Daniel Whitaker,Craig Smith,David Morris,Luis Arranz,Andrew Collins,James Jennings,Tyler Maughan,Michael Johnson,Jason Clark,Jose Lucero,Jeremy Freeman,Nathan Banks,Juan Gaytán,Damon Peterson,Tomas Brožová,Philip Hall,Simon Wilson,Milan Paľovčík,Adam Milmo,Mark Perry,Callum Davison,Timo Varis,Francisco Guajardo,Luke Clark,Charles Leonard,Michael Gordon,Julien Dupont,Duncan Wood,Chad Jones,Harry Miles,Aaron Doyle,Patrick Bennett,Jozsef Horváth,Billy Williams,James Baker,Alexander Campbell,Elliot Holmes,Terence Heaney,Anthony Gaines,Timothy Hamilton,Austin Love,Kaur Tamm,Darrell Baker,Kevin Roberts,Michael Crawford,Ethan Cox,Dennis Lyons,Antanas Žukauskas,Mikael Ekholm,Dillon Stanley,David Munoz,Ante Jerič,Christopher Dudley,Constantin Stănescu,Daniel Rios,Craig Jackson,Trevor Booker,Josh Boyce,Steven Keller,David Johnston,John Case,Christian Leblanc,James Dennis,Brandon Silva,Derrick Robinson,David Thomas,Krzysztof Kaszkowiak,Samuel Gates,Christopher Ward,Andre Bright,Thomas Rogers,Brandon Keith,Andreas Müller,Adam Williams,Wolfgang Marte,David Ruiz,Wesley Cole,Carlos Smith,Gheorghe Dumitrescu,Hans Fankhauser,Joe Tapia,Thomas Jähn,Klaus Sidler,Huseyin Şensoy,Leonard Cartwright,Charles Kennedy,Scott Young,Mark Walker,William Salas,Julian Forster,Constantin Nemeș,Pekka Hyvärinen,Andrew Walker,Anthony Nguyen,Peter Holzapfel,Peteris Vanaga,David Jones,Ahmad Yuniar,Jeffrey Bell,Hunter Sawyer,Gordon Perkins,Michael Sutton,Anders Myklebust,Jeffrey Hudson,Randy Diaz,Thomas Ward,William Foster,Conan Rabbitte,Adrian Griffin,Ross Matthews,Mustafa Şama,David Cooley,Nicholas Hess,Mark Williams,Roberto Muñoz
7,Mark Estrada,Jesse West,Constantin Albu,Conor Lee,Kevin Kent,Karoly Molnár,Patrick Schmitz,Michael Davis,Jeffery Williams,Leslie Moore,Philip Hall,Bjorn Kjóisdóttir,Vasile Tomescu,Travis Callahan,Manuel Manning,Martin Simmons,Zachary Patel,Aidan Reardon,Kevin Hensley,Ryan Hubbard,Darius Grimes,Brandon Baker,Elliott Phillips,Kaur Tamm,Shane Harris,Andrew Collins,Kyle Morales,Diogo Freitas,Adam Franco,Pavel Čermák,Peter Steiger,Jason Clark,Terry Nguyen,Randall Miller,Patrick Bennett,Tyler Maughan,David Morris,Charles Leonard,Ethan Cox,Luke Clark,Harry Miles,Michael Crawford,Jose Lucero,Damon Peterson,Callum Davison,Sean Taylor,Elliot Holmes,Craig Smith,Chad Jones,Milan Paľovčík,Anders Thomsen,Michael Johnson,Anthony Reid,Duncan Wood,Mark Perry,Joe Heath,Francisco Guajardo,Josh Boyce,James Dennis,William Ortega,Luis Arranz,Cody McGahey,Michael Jäkel,Adam Milmo,Christian Henry,Jozsef Horváth,Steven Keller,Anthony Gaines,Russell Warner,David Munoz,Michael Russell,Michael Gordon,Craig Jackson,Timothy Hamilton,Nathan Banks,Darrell Baker,Billy Williams,Daniel Whitaker,Constantin Stănescu,Julien Dupont,Abdul Shaw,James Jennings,Dennis Lyons,Trevor Booker,Dillon Stanley,Antanas Žukauskas,Juan Gaytán,Jeremy Freeman,Aaron Doyle,Stephen Johnson,Tomas Brožová,Timo Varis,Christopher Dudley,Cristian Salazar,Ante Jerič,Daniel Rios,Mikael Ekholm,David Johnston,Vu Trần,Terence Heaney,Alexander Campbell,Kevin Roberts,John Case,Simon Wilson,Derrick Robinson,Brandon Silva,Rory Sheerin,Ibrahim Şama,Christian Leblanc,Austin Love,Christian Jacques,Michael Nette,James Baker,Petar Vodopivec,Scott Diaz,Martin Kazík,Wim Postma,Nicholas Byrd,Bruce Owens,Dumitru Stoica,Krzysztof Ochab,Richard Roy,Eric Ryan,Laszlo Szabó,Andreas Jungfer,Fredrik Thorén,Conall Horgan,Adam Jensen,John Brown,Greg Stevens,Dominic Kilgallen,Keith Robinson,Joshua Clark,Rian Doorty,Tomislav Sakač,Kevin Cole,Raymond Lane,Scott Torres,Cody Ramirez,Diogo Castro,Kenneth Charles,Ren Sasaki,Allen Smith,Petr Navrátil,Angel Lara,Rihards Siliņš,Kelvin Cohen,Andrea Terragni,Ethan Hoffman,Christopher Norris
8,Eric Welch,Peter Steiger,Mark Estrada,Kevin Kent,Jesse West,Manuel Manning,Aidan Reardon,Conor Lee,Patrick Schmitz,Leslie Moore,Darius Grimes,Diogo Freitas,Martin Simmons,Randall Miller,Juan Bird,Michael Davis,Karoly Molnár,Joe Heath,David Morris,Bjorn Kjóisdóttir,Christian Henry,Ethan Cox,Mariusz Machowicz,Michael Jäkel,Adam Milmo,Kaur Tamm,Constantin Albu,Anthony Reid,Jose Lucero,Jeffery Williams,Elliott Phillips,Philip Hall,Craig Smith,Russell Warner,Charles Leonard,Stephen Schwartz,Ryan Hubbard,Sean Taylor,John Krause,Travis Callahan,Mark Perry,Kevin Hensley,Aaron Doyle,Vasile Tomescu,Zachary Patel,Brandon Baker,Anders Thomsen,Andreas Weinhage,James Jennings,Constantin Stănescu,Shane Harris,Michael Crawford,Milan Paľovčík,Julien Dupont,Darrell Baker,David Johnston,Pavel Čermák,Adam Franco,Timothy Hamilton,Tyler Maughan,Michael Gordon,Francisco Guajardo,Oliver Smith,Jeremy Freeman,Daniel Whitaker,Kyle Morales,Andrew Collins,Luis Arranz,David Munoz,William Ortega,David Garcia,Michael Russell,Bryan Washington,Steven Keller,Tomas Brožová,Josh Boyce,Harry Miles,Abdul Shaw,Dennis Lyons,Juan Gaytán,Damon Peterson,Anthony Gaines,Terry Nguyen,Craig Jackson,Billy Williams,Chad Jones,Callum Davison,Luke Clark,Macauley McCluskey,Trevor Booker,Antanas Žukauskas,Nathan Banks,Michael Johnson,James Dennis,Jason Clark,Terence Heaney,Stephen Johnson,Frank Miller,Timo Varis,Duncan Wood,Dillon Stanley,Ante Jerič,Patrick Bennett,Cody McGahey,Joshua Lee,Christopher Dudley,Colton Hammond,Jozsef Horváth,Daniel Rios,Elliot Holmes,Brandon Morales,Johnny Hanna,Mikael Ekholm,Cristian Salazar,Anthony Barnes,Derek Jones,Allen Freeman,Michael Wells,Vu Trần,Dieter Losekann,Shota Suzuki,Robin Abbott,Clive Smith,Anthony Cruz,Eric Hardy,Bruce Thomas,Jermaine Montgomery,Richard Young,Ivan Kumer,Kaito Ito,Kari Lehtimäki,Steven Gore,Luke Jensen,Brian Mendoza,Jason Roberson,Richard Lindsey,Andre Carson,Simon Kemp,Stjepan Kuhar,Casey Bryant,Roberto Pedrero,Colin Williams,Peter Campbell,Jermaine Hodges,Roberto Harris,Erik Persson,Raymond Cline,Frank Fellner,Lee Smith,Michael Hunter
9,Kevin Kent,Juan Bird,Mark Estrada,Leslie Moore,Darius Grimes,Vasile Tomescu,Conor Lee,Michael Davis,Patrick Schmitz,Danny Taylor,Joe Heath,Eric Welch,Jesse West,Bjorn Kjóisdóttir,Ethan Cox,Elliott Phillips,Aidan Reardon,Kyle Morales,Philip Hall,Terry Nguyen,Manuel Manning,Aaron Doyle,Pavel Čermák,Craig Smith,Adam Milmo,Adam Franco,Charles Leonard,Zachary Patel,Jeffery Williams,Randall Miller,Harry Miles,Martin Simmons,Tomas Brožová,Sean Taylor,Constantin Albu,Peter Steiger,Andrew Collins,Michael Jäkel,Francisco Guajardo,Karoly Molnár,Bryan Washington,Billy Williams,Luis Arranz,Christian Henry,Anders Thomsen,Russell Warner,Diogo Freitas,James Dennis,Darrell Baker,Jose Lucero,Daniel Whitaker,Travis Callahan,Brandon Baker,David Morris,Stephen Schwartz,Dale Howell,Kaur Tamm,Josh Boyce,Ronald Wilcox,Kevin Hensley,Mariusz Machowicz,Timo Varis,Michael Russell,Abdul Shaw,Tyler Maughan,Steven Keller,William Ortega,Damon Peterson,Ryan Hubbard,Anthony Reid,David Munoz,Duncan Wood,Callum Davison,Luke Clark,Andreas Weinhage,Oliver Smith,Shane Harris,Dennis Lyons,Mark Perry,Julien Dupont,David Garcia,Chad Jones,Evan Dasey,Michael Crawford,Michael Sorgatz,Jason Clark,Stephen Johnson,Milan Paľovčík,Huynh Phạm,James Jennings,Joshua Church,Constantin Stănescu,Macauley McCluskey,John Krause,Terence Heaney,Jeremy Freeman,Michael Gordon,Michael Johnson,Antanas Žukauskas,Nathan Banks,Juan Gaytán,David Johnston,Joseph Brady,Marc Marks,Frank Miller,Juan Prieto,Charlie Renehan,Trevor Booker,Craig Jackson,Kevin Rowe,Gary Allison,Lewis Glazier,Timothy Hamilton,Giuseppe Bernardini,Glen Day,Derek Wade,Peter Miller,Anthony Gaines,Seth Stephens,Kenneth Stokes,Edward Riley,Priit Nõmmik,Michael Hall,Keith Williams,Henry Kelly,Daniel Jordan,Dieter Köster,Brian Robertson,John Strickland,Tyrone Payne,Cory Davis,Daniel Rosario,Victor Jennings,Max Cartwright,Aaron Thompson,Simon Taylor,Derrick Snyder,Patrick Watts,Mikael Selin,Jonathan Flores,Michel Auger,Joshua Stokes,Shaun Burns,Jorge Barnes,Eric Blake,Tony Olson,Johnny Neal,Yuto Matsumoto,Matthew Parks,Hugh Middleton
10,Jesse West,Patrick Schmitz,Eric Welch,Conor Lee,Mark Estrada,Darius Grimes,Manuel Manning,Peter Steiger,Constantin Albu,Kevin Kent,Danny Taylor,Juan Bird,Shane Harris,Joe Heath,Aidan Reardon,Vasile Tomescu,Joe Hayes,Ryan Hubbard,Kyle Morales,Bryan Lennon,Stephen Schwartz,Karoly Molnár,Sean Taylor,Michael Davis,Pavel Čermák,Martin Simmons,Ethan Cox,Brandon Baker,Craig Smith,Luke Clark,Charles Leonard,Francisco Guajardo,Leslie Moore,William Ortega,Randall Miller,Travis Callahan,Jeffery Williams,Damon Peterson,Timo Varis,Andreas Weinhage,Mariusz Machowicz,Oliver Smith,Philip Hall,Harry Miles,Kevin Thomas,Diogo Freitas,Nathaniel Dunn,Bjorn Kjóisdóttir,Zachary Patel,Christian Henry,Tyler Maughan,Luis Arranz,Adam Milmo,Kevin Hensley,Michael Russell,Milan Paľovčík,Nathan Banks,Michael Jäkel,David Morris,John Krause,David Munoz,Chad Jones,Michael Carrillo,Terry Nguyen,Dennis Lyons,Kaur Tamm,Andrew Collins,Dale Howell,Anders Thomsen,Mark Perry,Julien Dupont,Duncan Wood,Josh Boyce,Steven Keller,Adam Franco,Russell Warner,Antanas Žukauskas,Bryan Washington,Jeremy Freeman,David Garcia,Daniel Whitaker,Jose Lucero,Ronald Wilcox,Michael Gordon,Daniel Wilson,Michael Johnson,Tomas Brožová,Kelly Ward,James Dennis,Anthony Reid,Callum Davison,Aaron Doyle,Billy Williams,Darrell Baker,Shaun Wilson,Elliott Phillips,Michael Crawford,Owen Taylor,Joshua Church,Michael Sorgatz,James Jennings,Abdul Shaw,Stephen Johnson,Terence Heaney,Miguel Loyola,Macauley McCluskey,Huynh Phạm,Jason Clark,Evan Dasey,Bruce Ramirez,Jon Steinþórsson,Dominic Wong,Daniel Carter,Brian Mccullough,Pavel Marošová,Magnus Kristoffersen,George Leblanc,Daniel Cruz,Constantin Stănescu,Andrew Garrett,Jeffrey Alexander,Jorge Daniels,Nicolae Cristea,Scott Watson,Jonathan Walters,Ferenc Nagy,William Hernandez,Vaclav Urban,Arthur Carter,Kyle Cole,Stanley Harrison,Bernard Dubois,Budi Mansur,Andrea Casarin,Adam Martinez,John Duke,Ronald Lambrechts,Wolfgang Misicher,Kristjan Sillisdóttir,Steven King,Gustav Pedersen,Antonio Tanzini,Joe Ross,Magnus Svavarsson,Dylan Dickinson,Finbar McKelvey,Callum Jones,Dieter Kruschwitz,Matthew Kim,William McNeely